59.0 APEX_CODE,FINEST;APEX_PROFILING,FINEST;CALLOUT,INFO;DATA_ACCESS,NONE;DB,FINEST;SYSTEM,FINE;VALIDATION,INFO;WORKFLOW,FINER
10:14:21.0 (121000)|USER_INFO|[EXTERNAL]|0058Z00000A1B2C|jane.admin@example.com|(GMT-05:00) Central Daylight Time (America/Chicago)|GMT-05:00
10:14:21.0 (201000)|EXECUTION_STARTED
10:14:21.0 (251000)|CODE_UNIT_STARTED|[EXTERNAL]|01q4Z00000OTRG1|OpportunityTrigger on Opportunity trigger event AfterUpdate for [0068Z0000A00001QAH, 0068Z0000A00002QAH, 0068Z0000A00003QAH, 0068Z0000A00004QAH, 0068Z0000A00005QAH]
10:14:21.0 (257000)|SAVEPOINT_SET|[EXTERNAL]|TriggerSavepoint
10:14:21.0 (300000)|METHOD_ENTRY|[30]|01q8Z00000N0ABC|OpportunityTriggerHandler.processOpportunity(Id)
10:14:21.0 (318000)|VARIABLE_SCOPE_BEGIN|[31]|oppId|Id|true|false
10:14:21.0 (331000)|VARIABLE_ASSIGNMENT|[32]|oppId|"0068Z0000A00001QAH"
10:14:21.0 (347000)|SOQL_EXECUTE_BEGIN|[33]|Aggregations:0|SELECT Id, Name, Tier__c FROM Account WHERE Id = :tmpVar1
10:14:21.0 (369000)|LIMIT_USAGE|[34]|SOQL|1|100
10:14:21.0 (377000)|SOQL_EXECUTE_END|[35]|Rows:1
10:14:21.0 (391000)|SOQL_EXECUTE_BEGIN|[36]|Aggregations:0|SELECT Id, OpportunityId, Quantity, TotalPrice FROM OpportunityLineItem WHERE OpportunityId = :tmpVar2
10:14:21.0 (421000)|LIMIT_USAGE|[37]|SOQL|2|100
10:14:21.0 (430000)|SOQL_EXECUTE_END|[38]|Rows:12
10:14:21.0 (447000)|DML_BEGIN|[39]|Op:Update|Type:Opportunity|Rows:1
10:14:21.0 (465000)|LIMIT_USAGE|[40]|DML|1|150
10:14:21.0 (474000)|DML_END|[41]
10:14:21.0 (476000)|DML_BEGIN|[43]|Op:Update|Type:User|Rows:1
10:14:21.0 (481000)|LIMIT_USAGE|[44]|DML|2|150
10:14:21.0 (485000)|DML_END|[45]
10:14:21.0 (489000)|METHOD_EXIT|[30]|01q8Z00000N0ABC|OpportunityTriggerHandler.processOpportunity(Id)
10:14:21.0 (505000)|METHOD_ENTRY|[30]|01q8Z00000N0ABC|OpportunityTriggerHandler.processOpportunity(Id)
10:14:21.0 (523000)|VARIABLE_SCOPE_BEGIN|[44]|oppId|Id|true|false
10:14:21.0 (536000)|VARIABLE_ASSIGNMENT|[45]|oppId|"0068Z0000A00002QAH"
10:14:21.0 (552000)|SOQL_EXECUTE_BEGIN|[46]|Aggregations:0|SELECT Id, Name, Tier__c FROM Account WHERE Id = :tmpVar1
10:14:21.0 (574000)|LIMIT_USAGE|[47]|SOQL|3|100
10:14:21.0 (582000)|SOQL_EXECUTE_END|[48]|Rows:1
10:14:21.0 (596000)|SOQL_EXECUTE_BEGIN|[49]|Aggregations:0|SELECT Id, OpportunityId, Quantity, TotalPrice FROM OpportunityLineItem WHERE OpportunityId = :tmpVar2
10:14:21.0 (626000)|LIMIT_USAGE|[50]|SOQL|4|100
10:14:21.0 (635000)|SOQL_EXECUTE_END|[51]|Rows:12
10:14:21.0 (652000)|DML_BEGIN|[52]|Op:Update|Type:Opportunity|Rows:1
10:14:21.0 (670000)|LIMIT_USAGE|[53]|DML|2|150
10:14:21.0 (679000)|DML_END|[54]
10:14:21.0 (694000)|METHOD_EXIT|[30]|01q8Z00000N0ABC|OpportunityTriggerHandler.processOpportunity(Id)
10:14:21.0 (710000)|METHOD_ENTRY|[30]|01q8Z00000N0ABC|OpportunityTriggerHandler.processOpportunity(Id)
10:14:21.0 (728000)|VARIABLE_SCOPE_BEGIN|[57]|oppId|Id|true|false
10:14:21.0 (741000)|VARIABLE_ASSIGNMENT|[58]|oppId|"0068Z0000A00003QAH"
10:14:21.0 (757000)|SOQL_EXECUTE_BEGIN|[59]|Aggregations:0|SELECT Id, Name, Tier__c FROM Account WHERE Id = :tmpVar1
10:14:21.0 (779000)|LIMIT_USAGE|[60]|SOQL|5|100
10:14:21.0 (787000)|SOQL_EXECUTE_END|[61]|Rows:1
10:14:21.0 (801000)|SOQL_EXECUTE_BEGIN|[62]|Aggregations:0|SELECT Id, OpportunityId, Quantity, TotalPrice FROM OpportunityLineItem WHERE OpportunityId = :tmpVar2
10:14:21.0 (831000)|LIMIT_USAGE|[63]|SOQL|6|100
10:14:21.0 (840000)|SOQL_EXECUTE_END|[64]|Rows:12
10:14:21.0 (857000)|DML_BEGIN|[65]|Op:Update|Type:Opportunity|Rows:1
10:14:21.0 (875000)|LIMIT_USAGE|[66]|DML|3|150
10:14:21.0 (884000)|DML_END|[67]
10:14:21.0 (899000)|NAMED_CREDENTIAL_REQUEST|Managed|ERP_NC|https://erp.example.com/api/opportunity|POST|
10:14:21.0 (910000)|CALLOUT_REQUEST|[68]|HttpRequest[Endpoint=https://erp.example.com/api/opportunity, Method=POST]
10:14:21.0 (945000)|CALLOUT_RESPONSE|[69]|HttpResponse[Status=200, StatusCode=200]
10:14:21.0 (949000)|NAMED_CREDENTIAL_RESPONSE|Managed|HttpResponse[Status=OK, StatusCode=200]
10:14:21.0 (958000)|USER_DEBUG|[70]|INFO|ERP sync completed for Opportunity 0068Z0000A00003QAH
10:14:21.0 (967000)|LIMIT_USAGE|[71]|CALLOUT|1|100
10:14:21.0 (976000)|METHOD_EXIT|[30]|01q8Z00000N0ABC|OpportunityTriggerHandler.processOpportunity(Id)
10:14:21.0 (992000)|METHOD_ENTRY|[30]|01q8Z00000N0ABC|OpportunityTriggerHandler.processOpportunity(Id)
10:14:21.0 (1010000)|VARIABLE_SCOPE_BEGIN|[74]|oppId|Id|true|false
10:14:21.0 (1023000)|VARIABLE_ASSIGNMENT|[75]|oppId|"0068Z0000A00004QAH"
10:14:21.0 (1039000)|VARIABLE_SCOPE_BEGIN|[76]|opportunityIds|List<Id>|true|false
10:14:21.0 (1051000)|VARIABLE_ASSIGNMENT|[77]|opportunityIds|["0068Z0000A00004QAH","0018Z0000B00004QAH","0058Z0000C00004QAH"]|0x7abc0004
10:14:21.0 (1067000)|SOQL_EXECUTE_BEGIN|[78]|Aggregations:0|SELECT Id, Name, Tier__c FROM Account WHERE Id = :tmpVar1
10:14:21.0 (1089000)|LIMIT_USAGE|[79]|SOQL|7|100
10:14:21.0 (1097000)|SOQL_EXECUTE_END|[80]|Rows:1
10:14:21.0 (1111000)|SOQL_EXECUTE_BEGIN|[81]|Aggregations:0|SELECT Id, OpportunityId, Quantity, TotalPrice FROM OpportunityLineItem WHERE OpportunityId = :tmpVar2
10:14:21.0 (1141000)|LIMIT_USAGE|[82]|SOQL|8|100
10:14:21.0 (1150000)|SOQL_EXECUTE_END|[83]|Rows:12
10:14:21.0 (1167000)|DML_BEGIN|[84]|Op:Update|Type:Opportunity|Rows:1
10:14:21.0 (1185000)|LIMIT_USAGE|[85]|DML|4|150
10:14:21.0 (1194000)|DML_END|[86]
10:14:21.0 (1209000)|METHOD_EXIT|[30]|01q8Z00000N0ABC|OpportunityTriggerHandler.processOpportunity(Id)
10:14:21.0 (1225000)|METHOD_ENTRY|[30]|01q8Z00000N0ABC|OpportunityTriggerHandler.processOpportunity(Id)
10:14:21.0 (1243000)|VARIABLE_SCOPE_BEGIN|[89]|oppId|Id|true|false
10:14:21.0 (1256000)|VARIABLE_ASSIGNMENT|[90]|oppId|"0068Z0000A00005QAH"
10:14:21.0 (1272000)|SOQL_EXECUTE_BEGIN|[91]|Aggregations:0|SELECT Id, Name, Tier__c FROM Account WHERE Id = :tmpVar1
10:14:21.0 (1294000)|LIMIT_USAGE|[92]|SOQL|9|100
10:14:21.0 (1302000)|SOQL_EXECUTE_END|[93]|Rows:1
10:14:21.0 (1316000)|SOQL_EXECUTE_BEGIN|[94]|Aggregations:0|SELECT Id, OpportunityId, Quantity, TotalPrice FROM OpportunityLineItem WHERE OpportunityId = :tmpVar2
10:14:21.0 (1346000)|LIMIT_USAGE|[95]|SOQL|10|100
10:14:21.0 (1355000)|SOQL_EXECUTE_END|[96]|Rows:12
10:14:21.0 (1372000)|SOQL_EXECUTE_BEGIN|[97]|Aggregations:0|SELECT Id FROM Product2 WHERE Family = 'Support' AND IsActive = true
10:14:21.0 (1384000)|LIMIT_USAGE|[98]|SOQL|11|100
10:14:21.0 (1391000)|SOQL_EXECUTE_END|[99]|Rows:0
10:14:21.0 (1404000)|USER_DEBUG|[100]|WARN|No active Support products found for upsell recommendation
10:14:21.0 (1413000)|DML_BEGIN|[101]|Op:Update|Type:Opportunity|Rows:1
10:14:21.0 (1431000)|LIMIT_USAGE|[102]|DML|5|150
10:14:21.0 (1440000)|DML_END|[103]
10:14:21.0 (1455000)|METHOD_EXIT|[30]|01q8Z00000N0ABC|OpportunityTriggerHandler.processOpportunity(Id)
10:14:21.0 (1471000)|METHOD_ENTRY|[30]|01q8Z00000N0ABC|OpportunityTriggerHandler.processOpportunity(Id)
10:14:21.0 (1489000)|VARIABLE_SCOPE_BEGIN|[106]|oppId|Id|true|false
10:14:21.0 (1502000)|VARIABLE_ASSIGNMENT|[107]|oppId|"0068Z0000A00006QAH"
10:14:21.0 (1518000)|SOQL_EXECUTE_BEGIN|[108]|Aggregations:0|SELECT Id, Name, Tier__c FROM Account WHERE Id = :tmpVar1
10:14:21.0 (1540000)|LIMIT_USAGE|[109]|SOQL|12|100
10:14:21.0 (1548000)|SOQL_EXECUTE_END|[110]|Rows:1
10:14:21.0 (1562000)|SOQL_EXECUTE_BEGIN|[111]|Aggregations:0|SELECT Id, OpportunityId, Quantity, TotalPrice FROM OpportunityLineItem WHERE OpportunityId = :tmpVar2
10:14:21.0 (1592000)|LIMIT_USAGE|[112]|SOQL|13|100
10:14:21.0 (1601000)|SOQL_EXECUTE_END|[113]|Rows:12
10:14:21.0 (1618000)|DML_BEGIN|[114]|Op:Update|Type:Opportunity|Rows:1
10:14:21.0 (1636000)|LIMIT_USAGE|[115]|DML|6|150
10:14:21.0 (1645000)|DML_END|[116]
10:14:21.0 (1660000)|NAMED_CREDENTIAL_REQUEST|Managed|ERP_NC|https://erp.example.com/api/opportunity|POST|
10:14:21.0 (1671000)|CALLOUT_REQUEST|[117]|HttpRequest[Endpoint=https://erp.example.com/api/opportunity, Method=POST]
10:14:21.0 (1706000)|CALLOUT_RESPONSE|[118]|HttpResponse[Status=200, StatusCode=200]
10:14:21.0 (1710000)|NAMED_CREDENTIAL_RESPONSE|Managed|HttpResponse[Status=OK, StatusCode=200]
10:14:21.0 (1719000)|USER_DEBUG|[119]|INFO|ERP sync completed for Opportunity 0068Z0000A00006QAH
10:14:21.0 (1728000)|LIMIT_USAGE|[120]|CALLOUT|2|100
10:14:21.0 (1737000)|METHOD_EXIT|[30]|01q8Z00000N0ABC|OpportunityTriggerHandler.processOpportunity(Id)
10:14:21.0 (1753000)|METHOD_ENTRY|[30]|01q8Z00000N0ABC|OpportunityTriggerHandler.processOpportunity(Id)
10:14:21.0 (1771000)|VARIABLE_SCOPE_BEGIN|[123]|oppId|Id|true|false
10:14:21.0 (1784000)|VARIABLE_ASSIGNMENT|[124]|oppId|"0068Z0000A00007QAH"
10:14:21.0 (1800000)|SOQL_EXECUTE_BEGIN|[125]|Aggregations:0|SELECT Id, Name, Tier__c FROM Account WHERE Id = :tmpVar1
10:14:21.0 (1822000)|LIMIT_USAGE|[126]|SOQL|14|100
10:14:21.0 (1830000)|SOQL_EXECUTE_END|[127]|Rows:1
10:14:21.0 (1844000)|SOQL_EXECUTE_BEGIN|[128]|Aggregations:0|SELECT Id, OpportunityId, Quantity, TotalPrice FROM OpportunityLineItem WHERE OpportunityId = :tmpVar2
10:14:21.0 (1874000)|LIMIT_USAGE|[129]|SOQL|15|100
10:14:21.0 (1883000)|SOQL_EXECUTE_END|[130]|Rows:12
10:14:21.0 (1900000)|DML_BEGIN|[131]|Op:Update|Type:Opportunity|Rows:1
10:14:21.0 (1918000)|LIMIT_USAGE|[132]|DML|7|150
10:14:21.0 (1927000)|DML_END|[133]
10:14:21.0 (1942000)|METHOD_EXIT|[30]|01q8Z00000N0ABC|OpportunityTriggerHandler.processOpportunity(Id)
10:14:21.0 (1958000)|METHOD_ENTRY|[30]|01q8Z00000N0ABC|OpportunityTriggerHandler.processOpportunity(Id)
10:14:21.0 (1976000)|VARIABLE_SCOPE_BEGIN|[136]|oppId|Id|true|false
10:14:21.0 (1989000)|VARIABLE_ASSIGNMENT|[137]|oppId|"0068Z0000A00008QAH"
10:14:21.0 (2005000)|VARIABLE_SCOPE_BEGIN|[138]|opportunityIds|List<Id>|true|false
10:14:21.0 (2017000)|VARIABLE_ASSIGNMENT|[139]|opportunityIds|["0068Z0000A00008QAH","0018Z0000B00008QAH","0058Z0000C00008QAH"]|0x7abc0008
10:14:21.0 (2033000)|SOQL_EXECUTE_BEGIN|[140]|Aggregations:0|SELECT Id, Name, Tier__c FROM Account WHERE Id = :tmpVar1
10:14:21.0 (2055000)|LIMIT_USAGE|[141]|SOQL|16|100
10:14:21.0 (2063000)|SOQL_EXECUTE_END|[142]|Rows:1
10:14:21.0 (2077000)|SOQL_EXECUTE_BEGIN|[143]|Aggregations:0|SELECT Id, OpportunityId, Quantity, TotalPrice FROM OpportunityLineItem WHERE OpportunityId = :tmpVar2
10:14:21.0 (2107000)|LIMIT_USAGE|[144]|SOQL|17|100
10:14:21.0 (2116000)|SOQL_EXECUTE_END|[145]|Rows:12
10:14:21.0 (2133000)|DML_BEGIN|[146]|Op:Update|Type:Opportunity|Rows:1
10:14:21.0 (2151000)|LIMIT_USAGE|[147]|DML|8|150
10:14:21.0 (2160000)|DML_END|[148]
10:14:21.0 (2175000)|FLOW_START_INTERVIEW_BEGIN|3018Z00000FLOWA1|Opportunity_After_Save
10:14:21.0 (2187000)|FLOW_ELEMENT_BEGIN|3018Z00000FLOWA1|DECISION|Route_By_Region
10:14:21.0 (2199000)|FLOW_ELEMENT_END|3018Z00000FLOWA1|DECISION|Route_By_Region
10:14:21.0 (2211000)|FLOW_BULK_ELEMENT_BEGIN|3018Z00000FLOWA1|UPDATE_RECORDS|Update_Owner
10:14:21.0 (2226000)|DML_BEGIN|[EXTERNAL]|Op:Update|Type:Opportunity|Rows:1
10:14:21.0 (2241000)|LIMIT_USAGE|[EXTERNAL]|DML|9|150
10:14:21.0 (2249000)|DML_END|[EXTERNAL]
10:14:21.0 (2261000)|FLOW_BULK_ELEMENT_END|3018Z00000FLOWA1|UPDATE_RECORDS|Update_Owner
10:14:21.0 (2274000)|FLOW_INTERVIEW_FINISHED|3018Z00000FLOWA1|Opportunity_After_Save
10:14:21.0 (2288000)|METHOD_EXIT|[30]|01q8Z00000N0ABC|OpportunityTriggerHandler.processOpportunity(Id)
10:14:21.0 (2304000)|METHOD_ENTRY|[30]|01q8Z00000N0ABC|OpportunityTriggerHandler.processOpportunity(Id)
10:14:21.0 (2322000)|VARIABLE_SCOPE_BEGIN|[151]|oppId|Id|true|false
10:14:21.0 (2335000)|VARIABLE_ASSIGNMENT|[152]|oppId|"0068Z0000A00009QAH"
10:14:21.0 (2351000)|SOQL_EXECUTE_BEGIN|[153]|Aggregations:0|SELECT Id, Name, Tier__c FROM Account WHERE Id = :tmpVar1
10:14:21.0 (2373000)|LIMIT_USAGE|[154]|SOQL|18|100
10:14:21.0 (2381000)|SOQL_EXECUTE_END|[155]|Rows:1
10:14:21.0 (2395000)|SOQL_EXECUTE_BEGIN|[156]|Aggregations:0|SELECT Id, OpportunityId, Quantity, TotalPrice FROM OpportunityLineItem WHERE OpportunityId = :tmpVar2
10:14:21.0 (2425000)|LIMIT_USAGE|[157]|SOQL|19|100
10:14:21.0 (2434000)|SOQL_EXECUTE_END|[158]|Rows:12
10:14:21.0 (2451000)|DML_BEGIN|[159]|Op:Update|Type:Opportunity|Rows:1
10:14:21.0 (2469000)|LIMIT_USAGE|[160]|DML|10|150
10:14:21.0 (2478000)|DML_END|[161]
10:14:21.0 (2493000)|NAMED_CREDENTIAL_REQUEST|Managed|ERP_NC|https://erp.example.com/api/opportunity|POST|
10:14:21.0 (2504000)|CALLOUT_REQUEST|[162]|HttpRequest[Endpoint=https://erp.example.com/api/opportunity, Method=POST]
10:14:21.0 (2539000)|CALLOUT_RESPONSE|[163]|HttpResponse[Status=200, StatusCode=200]
10:14:21.0 (2543000)|NAMED_CREDENTIAL_RESPONSE|Managed|HttpResponse[Status=OK, StatusCode=200]
10:14:21.0 (2552000)|USER_DEBUG|[164]|INFO|ERP sync completed for Opportunity 0068Z0000A00009QAH
10:14:21.0 (2561000)|LIMIT_USAGE|[165]|CALLOUT|3|100
10:14:21.0 (2570000)|METHOD_EXIT|[30]|01q8Z00000N0ABC|OpportunityTriggerHandler.processOpportunity(Id)
10:14:21.0 (2586000)|METHOD_ENTRY|[30]|01q8Z00000N0ABC|OpportunityTriggerHandler.processOpportunity(Id)
10:14:21.0 (2604000)|VARIABLE_SCOPE_BEGIN|[168]|oppId|Id|true|false
10:14:21.0 (2617000)|VARIABLE_ASSIGNMENT|[169]|oppId|"0068Z0000A00010QAH"
10:14:21.0 (2633000)|SOQL_EXECUTE_BEGIN|[170]|Aggregations:0|SELECT Id, Name, Tier__c FROM Account WHERE Id = :tmpVar1
10:14:21.0 (2655000)|LIMIT_USAGE|[171]|SOQL|20|100
10:14:21.0 (2663000)|SOQL_EXECUTE_END|[172]|Rows:1
10:14:21.0 (2677000)|SOQL_EXECUTE_BEGIN|[173]|Aggregations:0|SELECT Id, OpportunityId, Quantity, TotalPrice FROM OpportunityLineItem WHERE OpportunityId = :tmpVar2
10:14:21.0 (2707000)|LIMIT_USAGE|[174]|SOQL|21|100
10:14:21.0 (2716000)|SOQL_EXECUTE_END|[175]|Rows:12
10:14:21.0 (2733000)|SOQL_EXECUTE_BEGIN|[176]|Aggregations:0|SELECT Id FROM Product2 WHERE Family = 'Support' AND IsActive = true
10:14:21.0 (2745000)|LIMIT_USAGE|[177]|SOQL|22|100
10:14:21.0 (2752000)|SOQL_EXECUTE_END|[178]|Rows:0
10:14:21.0 (2765000)|USER_DEBUG|[179]|WARN|No active Support products found for upsell recommendation
10:14:21.0 (2774000)|DML_BEGIN|[180]|Op:Update|Type:Opportunity|Rows:1
10:14:21.0 (2792000)|LIMIT_USAGE|[181]|DML|11|150
10:14:21.0 (2801000)|DML_END|[182]
10:14:21.0 (2816000)|METHOD_EXIT|[30]|01q8Z00000N0ABC|OpportunityTriggerHandler.processOpportunity(Id)
10:14:21.0 (2832000)|HEAP_ALLOCATE|[184]|Bytes:2048
10:14:21.0 (2840000)|CUMULATIVE_PROFILING|SOQL operations|22
10:14:21.0 (2848000)|CUMULATIVE_PROFILING|DML operations|11
10:14:21.0 (2856000)|METHOD_ENTRY|[30]|01q8Z00000N0ABC|OpportunityTriggerHandler.processOpportunity(Id)
10:14:21.0 (2874000)|VARIABLE_SCOPE_BEGIN|[186]|oppId|Id|true|false
10:14:21.0 (2887000)|VARIABLE_ASSIGNMENT|[187]|oppId|"0068Z0000A00011QAH"
10:14:21.0 (2903000)|SOQL_EXECUTE_BEGIN|[188]|Aggregations:0|SELECT Id, Name, Tier__c FROM Account WHERE Id = :tmpVar1
10:14:21.0 (2925000)|LIMIT_USAGE|[189]|SOQL|23|100
10:14:21.0 (2933000)|SOQL_EXECUTE_END|[190]|Rows:1
10:14:21.0 (2947000)|SOQL_EXECUTE_BEGIN|[191]|Aggregations:0|SELECT Id, OpportunityId, Quantity, TotalPrice FROM OpportunityLineItem WHERE OpportunityId = :tmpVar2
10:14:21.0 (2977000)|LIMIT_USAGE|[192]|SOQL|24|100
10:14:21.0 (2986000)|SOQL_EXECUTE_END|[193]|Rows:12
10:14:21.0 (3003000)|DML_BEGIN|[194]|Op:Update|Type:Opportunity|Rows:1
10:14:21.0 (3021000)|LIMIT_USAGE|[195]|DML|12|150
10:14:21.0 (3030000)|DML_END|[196]
10:14:21.0 (3045000)|METHOD_EXIT|[30]|01q8Z00000N0ABC|OpportunityTriggerHandler.processOpportunity(Id)
10:14:21.0 (3061000)|METHOD_ENTRY|[30]|01q8Z00000N0ABC|OpportunityTriggerHandler.processOpportunity(Id)
10:14:21.0 (3079000)|VARIABLE_SCOPE_BEGIN|[199]|oppId|Id|true|false
10:14:21.0 (3092000)|VARIABLE_ASSIGNMENT|[200]|oppId|"0068Z0000A00012QAH"
10:14:21.0 (3108000)|VARIABLE_SCOPE_BEGIN|[201]|opportunityIds|List<Id>|true|false
10:14:21.0 (3120000)|VARIABLE_ASSIGNMENT|[202]|opportunityIds|["0068Z0000A00012QAH","0018Z0000B00012QAH","0058Z0000C00012QAH"]|0x7abc0012
10:14:21.0 (3136000)|SOQL_EXECUTE_BEGIN|[203]|Aggregations:0|SELECT Id, Name, Tier__c FROM Account WHERE Id = :tmpVar1
10:14:21.0 (3158000)|LIMIT_USAGE|[204]|SOQL|25|100
10:14:21.0 (3166000)|SOQL_EXECUTE_END|[205]|Rows:1
10:14:21.0 (3180000)|SOQL_EXECUTE_BEGIN|[206]|Aggregations:0|SELECT Id, OpportunityId, Quantity, TotalPrice FROM OpportunityLineItem WHERE OpportunityId = :tmpVar2
10:14:21.0 (3210000)|LIMIT_USAGE|[207]|SOQL|26|100
10:14:21.0 (3219000)|SOQL_EXECUTE_END|[208]|Rows:12
10:14:21.0 (3236000)|DML_BEGIN|[209]|Op:Update|Type:Opportunity|Rows:1
10:14:21.0 (3254000)|LIMIT_USAGE|[210]|DML|13|150
10:14:21.0 (3263000)|DML_END|[211]
10:14:21.0 (3278000)|NAMED_CREDENTIAL_REQUEST|Managed|ERP_NC|https://erp.example.com/api/opportunity|POST|
10:14:21.0 (3289000)|CALLOUT_REQUEST|[212]|HttpRequest[Endpoint=https://erp.example.com/api/opportunity, Method=POST]
10:14:21.0 (3324000)|CALLOUT_RESPONSE|[213]|HttpResponse[Status=500, StatusCode=500]
10:14:21.0 (3328000)|NAMED_CREDENTIAL_RESPONSE|Managed|HttpResponse[Status=Read timed out, StatusCode=500]
10:14:21.0 (3337000)|EXCEPTION_THROWN|[214]|System.CalloutException: Read timed out
10:14:21.0 (3352000)|USER_DEBUG|[215]|ERROR|Timeout from downstream pricing engine; using cached quote values
10:14:21.0 (3363000)|LIMIT_USAGE|[216]|CALLOUT|4|100
10:14:21.0 (3372000)|METHOD_EXIT|[30]|01q8Z00000N0ABC|OpportunityTriggerHandler.processOpportunity(Id)
10:14:21.0 (3388000)|METHOD_ENTRY|[30]|01q8Z00000N0ABC|OpportunityTriggerHandler.processOpportunity(Id)
10:14:21.0 (3406000)|VARIABLE_SCOPE_BEGIN|[219]|oppId|Id|true|false
10:14:21.0 (3419000)|VARIABLE_ASSIGNMENT|[220]|oppId|"0068Z0000A00013QAH"
10:14:21.0 (3435000)|SOQL_EXECUTE_BEGIN|[221]|Aggregations:0|SELECT Id, Name, Tier__c FROM Account WHERE Id = :tmpVar1
10:14:21.0 (3457000)|LIMIT_USAGE|[222]|SOQL|27|100
10:14:21.0 (3465000)|SOQL_EXECUTE_END|[223]|Rows:1
10:14:21.0 (3479000)|SOQL_EXECUTE_BEGIN|[224]|Aggregations:0|SELECT Id, OpportunityId, Quantity, TotalPrice FROM OpportunityLineItem WHERE OpportunityId = :tmpVar2
10:14:21.0 (3509000)|LIMIT_USAGE|[225]|SOQL|28|100
10:14:21.0 (3518000)|SOQL_EXECUTE_END|[226]|Rows:12
10:14:21.0 (3535000)|DML_BEGIN|[227]|Op:Update|Type:Opportunity|Rows:1
10:14:21.0 (3553000)|LIMIT_USAGE|[228]|DML|14|150
10:14:21.0 (3562000)|DML_END|[229]
10:14:21.0 (3577000)|METHOD_EXIT|[30]|01q8Z00000N0ABC|OpportunityTriggerHandler.processOpportunity(Id)
10:14:21.0 (3593000)|METHOD_ENTRY|[30]|01q8Z00000N0ABC|OpportunityTriggerHandler.processOpportunity(Id)
10:14:21.0 (3611000)|VARIABLE_SCOPE_BEGIN|[232]|oppId|Id|true|false
10:14:21.0 (3624000)|VARIABLE_ASSIGNMENT|[233]|oppId|"0068Z0000A00014QAH"
10:14:21.0 (3640000)|SOQL_EXECUTE_BEGIN|[234]|Aggregations:0|SELECT Id, Name, Tier__c FROM Account WHERE Id = :tmpVar1
10:14:21.0 (3662000)|LIMIT_USAGE|[235]|SOQL|29|100
10:14:21.0 (3670000)|SOQL_EXECUTE_END|[236]|Rows:1
10:14:21.0 (3684000)|SOQL_EXECUTE_BEGIN|[237]|Aggregations:0|SELECT Id, OpportunityId, Quantity, TotalPrice FROM OpportunityLineItem WHERE OpportunityId = :tmpVar2
10:14:21.0 (3714000)|LIMIT_USAGE|[238]|SOQL|30|100
10:14:21.0 (3723000)|SOQL_EXECUTE_END|[239]|Rows:12
10:14:21.0 (3740000)|DML_BEGIN|[240]|Op:Update|Type:Opportunity|Rows:1
10:14:21.0 (3758000)|LIMIT_USAGE|[241]|DML|15|150
10:14:21.0 (3767000)|DML_END|[242]
10:14:21.0 (3782000)|METHOD_EXIT|[30]|01q8Z00000N0ABC|OpportunityTriggerHandler.processOpportunity(Id)
10:14:21.0 (3798000)|METHOD_ENTRY|[30]|01q8Z00000N0ABC|OpportunityTriggerHandler.processOpportunity(Id)
10:14:21.0 (3816000)|VARIABLE_SCOPE_BEGIN|[245]|oppId|Id|true|false
10:14:21.0 (3829000)|VARIABLE_ASSIGNMENT|[246]|oppId|"0068Z0000A00015QAH"
10:14:21.0 (3845000)|SOQL_EXECUTE_BEGIN|[247]|Aggregations:0|SELECT Id, Name, Tier__c FROM Account WHERE Id = :tmpVar1
10:14:21.0 (3867000)|LIMIT_USAGE|[248]|SOQL|31|100
10:14:21.0 (3875000)|SOQL_EXECUTE_END|[249]|Rows:1
10:14:21.0 (3889000)|SOQL_EXECUTE_BEGIN|[250]|Aggregations:0|SELECT Id, OpportunityId, Quantity, TotalPrice FROM OpportunityLineItem WHERE OpportunityId = :tmpVar2
10:14:21.0 (3919000)|LIMIT_USAGE|[251]|SOQL|32|100
10:14:21.0 (3928000)|SOQL_EXECUTE_END|[252]|Rows:12
10:14:21.0 (3945000)|SOQL_EXECUTE_BEGIN|[253]|Aggregations:0|SELECT Id FROM Product2 WHERE Family = 'Support' AND IsActive = true
10:14:21.0 (3957000)|LIMIT_USAGE|[254]|SOQL|33|100
10:14:21.0 (3964000)|SOQL_EXECUTE_END|[255]|Rows:0
10:14:21.0 (3977000)|USER_DEBUG|[256]|WARN|No active Support products found for upsell recommendation
10:14:21.0 (3986000)|DML_BEGIN|[257]|Op:Update|Type:Opportunity|Rows:1
10:14:21.0 (4004000)|LIMIT_USAGE|[258]|DML|16|150
10:14:21.0 (4013000)|DML_END|[259]
10:14:21.0 (4028000)|NAMED_CREDENTIAL_REQUEST|Managed|ERP_NC|https://erp.example.com/api/opportunity|POST|
10:14:21.0 (4039000)|CALLOUT_REQUEST|[260]|HttpRequest[Endpoint=https://erp.example.com/api/opportunity, Method=POST]
10:14:21.0 (4074000)|CALLOUT_RESPONSE|[261]|HttpResponse[Status=200, StatusCode=200]
10:14:21.0 (4078000)|NAMED_CREDENTIAL_RESPONSE|Managed|HttpResponse[Status=OK, StatusCode=200]
10:14:21.0 (4087000)|USER_DEBUG|[262]|INFO|ERP sync completed for Opportunity 0068Z0000A00015QAH
10:14:21.0 (4096000)|LIMIT_USAGE|[263]|CALLOUT|5|100
10:14:21.0 (4105000)|METHOD_EXIT|[30]|01q8Z00000N0ABC|OpportunityTriggerHandler.processOpportunity(Id)
10:14:21.0 (4121000)|METHOD_ENTRY|[30]|01q8Z00000N0ABC|OpportunityTriggerHandler.processOpportunity(Id)
10:14:21.0 (4139000)|VARIABLE_SCOPE_BEGIN|[266]|oppId|Id|true|false
10:14:21.0 (4152000)|VARIABLE_ASSIGNMENT|[267]|oppId|"0068Z0000A00016QAH"
10:14:21.0 (4168000)|VARIABLE_SCOPE_BEGIN|[268]|opportunityIds|List<Id>|true|false
10:14:21.0 (4180000)|VARIABLE_ASSIGNMENT|[269]|opportunityIds|["0068Z0000A00016QAH","0018Z0000B00016QAH","0058Z0000C00016QAH"]|0x7abc0016
10:14:21.0 (4196000)|SOQL_EXECUTE_BEGIN|[270]|Aggregations:0|SELECT Id, Name, Tier__c FROM Account WHERE Id = :tmpVar1
10:14:21.0 (4218000)|LIMIT_USAGE|[271]|SOQL|34|100
10:14:21.0 (4226000)|SOQL_EXECUTE_END|[272]|Rows:1
10:14:21.0 (4240000)|SOQL_EXECUTE_BEGIN|[273]|Aggregations:0|SELECT Id, OpportunityId, Quantity, TotalPrice FROM OpportunityLineItem WHERE OpportunityId = :tmpVar2
10:14:21.0 (4270000)|LIMIT_USAGE|[274]|SOQL|35|100
10:14:21.0 (4279000)|SOQL_EXECUTE_END|[275]|Rows:12
10:14:21.0 (4296000)|DML_BEGIN|[276]|Op:Update|Type:Opportunity|Rows:1
10:14:21.0 (4314000)|LIMIT_USAGE|[277]|DML|17|150
10:14:21.0 (4323000)|DML_END|[278]
10:14:21.0 (4338000)|FLOW_START_INTERVIEW_BEGIN|3018Z00000FLOWA1|Opportunity_After_Save
10:14:21.0 (4350000)|FLOW_ELEMENT_BEGIN|3018Z00000FLOWA1|DECISION|Route_By_Region
10:14:21.0 (4362000)|FLOW_ELEMENT_END|3018Z00000FLOWA1|DECISION|Route_By_Region
10:14:21.0 (4374000)|FLOW_BULK_ELEMENT_BEGIN|3018Z00000FLOWA1|UPDATE_RECORDS|Update_Owner
10:14:21.0 (4389000)|DML_BEGIN|[EXTERNAL]|Op:Update|Type:Opportunity|Rows:1
10:14:21.0 (4404000)|LIMIT_USAGE|[EXTERNAL]|DML|18|150
10:14:21.0 (4412000)|DML_END|[EXTERNAL]
10:14:21.0 (4424000)|FLOW_BULK_ELEMENT_END|3018Z00000FLOWA1|UPDATE_RECORDS|Update_Owner
10:14:21.0 (4437000)|FLOW_INTERVIEW_FINISHED|3018Z00000FLOWA1|Opportunity_After_Save
10:14:21.0 (4451000)|METHOD_EXIT|[30]|01q8Z00000N0ABC|OpportunityTriggerHandler.processOpportunity(Id)
10:14:21.0 (4467000)|METHOD_ENTRY|[30]|01q8Z00000N0ABC|OpportunityTriggerHandler.processOpportunity(Id)
10:14:21.0 (4485000)|VARIABLE_SCOPE_BEGIN|[281]|oppId|Id|true|false
10:14:21.0 (4498000)|VARIABLE_ASSIGNMENT|[282]|oppId|"0068Z0000A00017QAH"
10:14:21.0 (4514000)|SOQL_EXECUTE_BEGIN|[283]|Aggregations:0|SELECT Id, Name, Tier__c FROM Account WHERE Id = :tmpVar1
10:14:21.0 (4536000)|LIMIT_USAGE|[284]|SOQL|36|100
10:14:21.0 (4544000)|SOQL_EXECUTE_END|[285]|Rows:1
10:14:21.0 (4558000)|SOQL_EXECUTE_BEGIN|[286]|Aggregations:0|SELECT Id, OpportunityId, Quantity, TotalPrice FROM OpportunityLineItem WHERE OpportunityId = :tmpVar2
10:14:21.0 (4588000)|LIMIT_USAGE|[287]|SOQL|37|100
10:14:21.0 (4597000)|SOQL_EXECUTE_END|[288]|Rows:12
10:14:21.0 (4614000)|DML_BEGIN|[289]|Op:Update|Type:Opportunity|Rows:1
10:14:21.0 (4632000)|LIMIT_USAGE|[290]|DML|19|150
10:14:21.0 (4641000)|DML_END|[291]
10:14:21.0 (4656000)|METHOD_EXIT|[30]|01q8Z00000N0ABC|OpportunityTriggerHandler.processOpportunity(Id)
10:14:21.0 (4672000)|METHOD_ENTRY|[30]|01q8Z00000N0ABC|OpportunityTriggerHandler.processOpportunity(Id)
10:14:21.0 (4690000)|VARIABLE_SCOPE_BEGIN|[294]|oppId|Id|true|false
10:14:21.0 (4703000)|VARIABLE_ASSIGNMENT|[295]|oppId|"0068Z0000A00018QAH"
10:14:21.0 (4719000)|SOQL_EXECUTE_BEGIN|[296]|Aggregations:0|SELECT Id, Name, Tier__c FROM Account WHERE Id = :tmpVar1
10:14:21.0 (4741000)|LIMIT_USAGE|[297]|SOQL|38|100
10:14:21.0 (4749000)|SOQL_EXECUTE_END|[298]|Rows:1
10:14:21.0 (4763000)|SOQL_EXECUTE_BEGIN|[299]|Aggregations:0|SELECT Id, OpportunityId, Quantity, TotalPrice FROM OpportunityLineItem WHERE OpportunityId = :tmpVar2
10:14:21.0 (4793000)|LIMIT_USAGE|[300]|SOQL|39|100
10:14:21.0 (4802000)|SOQL_EXECUTE_END|[301]|Rows:12
10:14:21.0 (4819000)|DML_BEGIN|[302]|Op:Update|Type:Opportunity|Rows:1
10:14:21.0 (4837000)|LIMIT_USAGE|[303]|DML|20|150
10:14:21.0 (4846000)|DML_END|[304]
10:14:21.0 (4861000)|NAMED_CREDENTIAL_REQUEST|Managed|ERP_NC|https://erp.example.com/api/opportunity|POST|
10:14:21.0 (4872000)|CALLOUT_REQUEST|[305]|HttpRequest[Endpoint=https://erp.example.com/api/opportunity, Method=POST]
10:14:21.0 (4907000)|CALLOUT_RESPONSE|[306]|HttpResponse[Status=200, StatusCode=200]
10:14:21.0 (4911000)|NAMED_CREDENTIAL_RESPONSE|Managed|HttpResponse[Status=OK, StatusCode=200]
10:14:21.0 (4920000)|USER_DEBUG|[307]|INFO|ERP sync completed for Opportunity 0068Z0000A00018QAH
10:14:21.0 (4929000)|LIMIT_USAGE|[308]|CALLOUT|6|100
10:14:21.0 (4938000)|METHOD_EXIT|[30]|01q8Z00000N0ABC|OpportunityTriggerHandler.processOpportunity(Id)
10:14:21.0 (4954000)|METHOD_ENTRY|[30]|01q8Z00000N0ABC|OpportunityTriggerHandler.processOpportunity(Id)
10:14:21.0 (4972000)|VARIABLE_SCOPE_BEGIN|[311]|oppId|Id|true|false
10:14:21.0 (4985000)|VARIABLE_ASSIGNMENT|[312]|oppId|"0068Z0000A00019QAH"
10:14:21.0 (5001000)|SOQL_EXECUTE_BEGIN|[313]|Aggregations:0|SELECT Id, Name, Tier__c FROM Account WHERE Id = :tmpVar1
10:14:21.0 (5023000)|LIMIT_USAGE|[314]|SOQL|40|100
10:14:21.0 (5031000)|SOQL_EXECUTE_END|[315]|Rows:1
10:14:21.0 (5045000)|SOQL_EXECUTE_BEGIN|[316]|Aggregations:0|SELECT Id, OpportunityId, Quantity, TotalPrice FROM OpportunityLineItem WHERE OpportunityId = :tmpVar2
10:14:21.0 (5075000)|LIMIT_USAGE|[317]|SOQL|41|100
10:14:21.0 (5084000)|SOQL_EXECUTE_END|[318]|Rows:12
10:14:21.0 (5101000)|DML_BEGIN|[319]|Op:Update|Type:Opportunity|Rows:1
10:14:21.0 (5119000)|LIMIT_USAGE|[320]|DML|21|150
10:14:21.0 (5128000)|DML_END|[321]
10:14:21.0 (5143000)|METHOD_EXIT|[30]|01q8Z00000N0ABC|OpportunityTriggerHandler.processOpportunity(Id)
10:14:21.0 (5159000)|METHOD_ENTRY|[30]|01q8Z00000N0ABC|OpportunityTriggerHandler.processOpportunity(Id)
10:14:21.0 (5177000)|VARIABLE_SCOPE_BEGIN|[324]|oppId|Id|true|false
10:14:21.0 (5190000)|VARIABLE_ASSIGNMENT|[325]|oppId|"0068Z0000A00020QAH"
10:14:21.0 (5206000)|VARIABLE_SCOPE_BEGIN|[326]|opportunityIds|List<Id>|true|false
10:14:21.0 (5218000)|VARIABLE_ASSIGNMENT|[327]|opportunityIds|["0068Z0000A00020QAH","0018Z0000B00020QAH","0058Z0000C00020QAH"]|0x7abc0020
10:14:21.0 (5234000)|SOQL_EXECUTE_BEGIN|[328]|Aggregations:0|SELECT Id, Name, Tier__c FROM Account WHERE Id = :tmpVar1
10:14:21.0 (5256000)|LIMIT_USAGE|[329]|SOQL|42|100
10:14:21.0 (5264000)|SOQL_EXECUTE_END|[330]|Rows:1
10:14:21.0 (5278000)|SOQL_EXECUTE_BEGIN|[331]|Aggregations:0|SELECT Id, OpportunityId, Quantity, TotalPrice FROM OpportunityLineItem WHERE OpportunityId = :tmpVar2
10:14:21.0 (5308000)|LIMIT_USAGE|[332]|SOQL|43|100
10:14:21.0 (5317000)|SOQL_EXECUTE_END|[333]|Rows:12
10:14:21.0 (5334000)|SOQL_EXECUTE_BEGIN|[334]|Aggregations:0|SELECT Id FROM Product2 WHERE Family = 'Support' AND IsActive = true
10:14:21.0 (5346000)|LIMIT_USAGE|[335]|SOQL|44|100
10:14:21.0 (5353000)|SOQL_EXECUTE_END|[336]|Rows:0
10:14:21.0 (5366000)|USER_DEBUG|[337]|WARN|No active Support products found for upsell recommendation
10:14:21.0 (5375000)|DML_BEGIN|[338]|Op:Update|Type:Opportunity|Rows:1
10:14:21.0 (5393000)|LIMIT_USAGE|[339]|DML|22|150
10:14:21.0 (5402000)|DML_END|[340]
10:14:21.0 (5417000)|METHOD_EXIT|[30]|01q8Z00000N0ABC|OpportunityTriggerHandler.processOpportunity(Id)
10:14:21.0 (5433000)|HEAP_ALLOCATE|[342]|Bytes:2048
10:14:21.0 (5441000)|CUMULATIVE_PROFILING|SOQL operations|44
10:14:21.0 (5449000)|CUMULATIVE_PROFILING|DML operations|22
10:14:21.0 (5457000)|METHOD_ENTRY|[30]|01q8Z00000N0ABC|OpportunityTriggerHandler.processOpportunity(Id)
10:14:21.0 (5475000)|VARIABLE_SCOPE_BEGIN|[344]|oppId|Id|true|false
10:14:21.0 (5488000)|VARIABLE_ASSIGNMENT|[345]|oppId|"0068Z0000A00021QAH"
10:14:21.0 (5504000)|SOQL_EXECUTE_BEGIN|[346]|Aggregations:0|SELECT Id, Name, Tier__c FROM Account WHERE Id = :tmpVar1
10:14:21.0 (5526000)|LIMIT_USAGE|[347]|SOQL|45|100
10:14:21.0 (5534000)|SOQL_EXECUTE_END|[348]|Rows:1
10:14:21.0 (5548000)|SOQL_EXECUTE_BEGIN|[349]|Aggregations:0|SELECT Id, OpportunityId, Quantity, TotalPrice FROM OpportunityLineItem WHERE OpportunityId = :tmpVar2
10:14:21.0 (5578000)|LIMIT_USAGE|[350]|SOQL|46|100
10:14:21.0 (5587000)|SOQL_EXECUTE_END|[351]|Rows:12
10:14:21.0 (5604000)|DML_BEGIN|[352]|Op:Update|Type:Opportunity|Rows:1
10:14:21.0 (5622000)|LIMIT_USAGE|[353]|DML|23|150
10:14:21.0 (5631000)|DML_END|[354]
10:14:21.0 (5646000)|NAMED_CREDENTIAL_REQUEST|Managed|ERP_NC|https://erp.example.com/api/opportunity|POST|
10:14:21.0 (5657000)|CALLOUT_REQUEST|[355]|HttpRequest[Endpoint=https://erp.example.com/api/opportunity, Method=POST]
10:14:21.0 (5692000)|CALLOUT_RESPONSE|[356]|HttpResponse[Status=200, StatusCode=200]
10:14:21.0 (5696000)|NAMED_CREDENTIAL_RESPONSE|Managed|HttpResponse[Status=OK, StatusCode=200]
10:14:21.0 (5705000)|USER_DEBUG|[357]|INFO|ERP sync completed for Opportunity 0068Z0000A00021QAH
10:14:21.0 (5714000)|LIMIT_USAGE|[358]|CALLOUT|7|100
10:14:21.0 (5723000)|METHOD_EXIT|[30]|01q8Z00000N0ABC|OpportunityTriggerHandler.processOpportunity(Id)
10:14:21.0 (5739000)|METHOD_ENTRY|[30]|01q8Z00000N0ABC|OpportunityTriggerHandler.processOpportunity(Id)
10:14:21.0 (5757000)|VARIABLE_SCOPE_BEGIN|[361]|oppId|Id|true|false
10:14:21.0 (5770000)|VARIABLE_ASSIGNMENT|[362]|oppId|"0068Z0000A00022QAH"
10:14:21.0 (5786000)|SOQL_EXECUTE_BEGIN|[363]|Aggregations:0|SELECT Id, Name, Tier__c FROM Account WHERE Id = :tmpVar1
10:14:21.0 (5808000)|LIMIT_USAGE|[364]|SOQL|47|100
10:14:21.0 (5816000)|SOQL_EXECUTE_END|[365]|Rows:1
10:14:21.0 (5830000)|SOQL_EXECUTE_BEGIN|[366]|Aggregations:0|SELECT Id, OpportunityId, Quantity, TotalPrice FROM OpportunityLineItem WHERE OpportunityId = :tmpVar2
10:14:21.0 (5860000)|LIMIT_USAGE|[367]|SOQL|48|100
10:14:21.0 (5869000)|SOQL_EXECUTE_END|[368]|Rows:12
10:14:21.0 (5886000)|DML_BEGIN|[369]|Op:Update|Type:Opportunity|Rows:1
10:14:21.0 (5904000)|LIMIT_USAGE|[370]|DML|24|150
10:14:21.0 (5913000)|DML_END|[371]
10:14:21.0 (5928000)|METHOD_EXIT|[30]|01q8Z00000N0ABC|OpportunityTriggerHandler.processOpportunity(Id)
10:14:21.0 (5944000)|METHOD_ENTRY|[30]|01q8Z00000N0ABC|OpportunityTriggerHandler.processOpportunity(Id)
10:14:21.0 (5962000)|VARIABLE_SCOPE_BEGIN|[374]|oppId|Id|true|false
10:14:21.0 (5975000)|VARIABLE_ASSIGNMENT|[375]|oppId|"0068Z0000A00023QAH"
10:14:21.0 (5991000)|SOQL_EXECUTE_BEGIN|[376]|Aggregations:0|SELECT Id, Name, Tier__c FROM Account WHERE Id = :tmpVar1
10:14:21.0 (6013000)|LIMIT_USAGE|[377]|SOQL|49|100
10:14:21.0 (6021000)|SOQL_EXECUTE_END|[378]|Rows:1
10:14:21.0 (6035000)|SOQL_EXECUTE_BEGIN|[379]|Aggregations:0|SELECT Id, OpportunityId, Quantity, TotalPrice FROM OpportunityLineItem WHERE OpportunityId = :tmpVar2
10:14:21.0 (6065000)|LIMIT_USAGE|[380]|SOQL|50|100
10:14:21.0 (6074000)|SOQL_EXECUTE_END|[381]|Rows:12
10:14:21.0 (6091000)|DML_BEGIN|[382]|Op:Update|Type:Opportunity|Rows:1
10:14:21.0 (6109000)|LIMIT_USAGE|[383]|DML|25|150
10:14:21.0 (6118000)|DML_END|[384]
10:14:21.0 (6133000)|METHOD_EXIT|[30]|01q8Z00000N0ABC|OpportunityTriggerHandler.processOpportunity(Id)
10:14:21.0 (6149000)|METHOD_ENTRY|[30]|01q8Z00000N0ABC|OpportunityTriggerHandler.processOpportunity(Id)
10:14:21.0 (6167000)|VARIABLE_SCOPE_BEGIN|[387]|oppId|Id|true|false
10:14:21.0 (6180000)|VARIABLE_ASSIGNMENT|[388]|oppId|"0068Z0000A00024QAH"
10:14:21.0 (6196000)|VARIABLE_SCOPE_BEGIN|[389]|opportunityIds|List<Id>|true|false
10:14:21.0 (6208000)|VARIABLE_ASSIGNMENT|[390]|opportunityIds|["0068Z0000A00024QAH","0018Z0000B00024QAH","0058Z0000C00024QAH"]|0x7abc0024
10:14:21.0 (6224000)|SOQL_EXECUTE_BEGIN|[391]|Aggregations:0|SELECT Id, Name, Tier__c FROM Account WHERE Id = :tmpVar1
10:14:21.0 (6246000)|LIMIT_USAGE|[392]|SOQL|51|100
10:14:21.0 (6254000)|SOQL_EXECUTE_END|[393]|Rows:1
10:14:21.0 (6268000)|SOQL_EXECUTE_BEGIN|[394]|Aggregations:0|SELECT Id, OpportunityId, Quantity, TotalPrice FROM OpportunityLineItem WHERE OpportunityId = :tmpVar2
10:14:21.0 (6298000)|LIMIT_USAGE|[395]|SOQL|52|100
10:14:21.0 (6307000)|SOQL_EXECUTE_END|[396]|Rows:12
10:14:21.0 (6324000)|DML_BEGIN|[397]|Op:Update|Type:Opportunity|Rows:1
10:14:21.0 (6342000)|LIMIT_USAGE|[398]|DML|26|150
10:14:21.0 (6351000)|DML_END|[399]
10:14:21.0 (6366000)|NAMED_CREDENTIAL_REQUEST|Managed|ERP_NC|https://erp.example.com/api/opportunity|POST|
10:14:21.0 (6377000)|CALLOUT_REQUEST|[400]|HttpRequest[Endpoint=https://erp.example.com/api/opportunity, Method=POST]
10:14:21.0 (6412000)|CALLOUT_RESPONSE|[401]|HttpResponse[Status=500, StatusCode=500]
10:14:21.0 (6416000)|NAMED_CREDENTIAL_RESPONSE|Managed|HttpResponse[Status=Read timed out, StatusCode=500]
10:14:21.0 (6425000)|EXCEPTION_THROWN|[402]|System.CalloutException: Read timed out
10:14:21.0 (6440000)|USER_DEBUG|[403]|ERROR|Timeout from downstream pricing engine; using cached quote values
10:14:21.0 (6451000)|LIMIT_USAGE|[404]|CALLOUT|8|100
10:14:21.0 (6460000)|FLOW_START_INTERVIEW_BEGIN|3018Z00000FLOWA1|Opportunity_After_Save
10:14:21.0 (6472000)|FLOW_ELEMENT_BEGIN|3018Z00000FLOWA1|DECISION|Route_By_Region
10:14:21.0 (6484000)|FLOW_ELEMENT_END|3018Z00000FLOWA1|DECISION|Route_By_Region
10:14:21.0 (6496000)|FLOW_BULK_ELEMENT_BEGIN|3018Z00000FLOWA1|UPDATE_RECORDS|Update_Owner
10:14:21.0 (6511000)|DML_BEGIN|[EXTERNAL]|Op:Update|Type:Opportunity|Rows:1
10:14:21.0 (6526000)|LIMIT_USAGE|[EXTERNAL]|DML|27|150
10:14:21.0 (6534000)|DML_END|[EXTERNAL]
10:14:21.0 (6546000)|FLOW_BULK_ELEMENT_END|3018Z00000FLOWA1|UPDATE_RECORDS|Update_Owner
10:14:21.0 (6559000)|FLOW_INTERVIEW_FINISHED|3018Z00000FLOWA1|Opportunity_After_Save
10:14:21.0 (6573000)|METHOD_EXIT|[30]|01q8Z00000N0ABC|OpportunityTriggerHandler.processOpportunity(Id)
10:14:21.0 (6589000)|METHOD_ENTRY|[30]|01q8Z00000N0ABC|OpportunityTriggerHandler.processOpportunity(Id)
10:14:21.0 (6607000)|VARIABLE_SCOPE_BEGIN|[407]|oppId|Id|true|false
10:14:21.0 (6620000)|VARIABLE_ASSIGNMENT|[408]|oppId|"0068Z0000A00025QAH"
10:14:21.0 (6636000)|SOQL_EXECUTE_BEGIN|[409]|Aggregations:0|SELECT Id, Name, Tier__c FROM Account WHERE Id = :tmpVar1
10:14:21.0 (6658000)|LIMIT_USAGE|[410]|SOQL|53|100
10:14:21.0 (6666000)|SOQL_EXECUTE_END|[411]|Rows:1
10:14:21.0 (6680000)|SOQL_EXECUTE_BEGIN|[412]|Aggregations:0|SELECT Id, OpportunityId, Quantity, TotalPrice FROM OpportunityLineItem WHERE OpportunityId = :tmpVar2
10:14:21.0 (6710000)|LIMIT_USAGE|[413]|SOQL|54|100
10:14:21.0 (6719000)|SOQL_EXECUTE_END|[414]|Rows:12
10:14:21.0 (6736000)|SOQL_EXECUTE_BEGIN|[415]|Aggregations:0|SELECT Id FROM Product2 WHERE Family = 'Support' AND IsActive = true
10:14:21.0 (6748000)|LIMIT_USAGE|[416]|SOQL|55|100
10:14:21.0 (6755000)|SOQL_EXECUTE_END|[417]|Rows:0
10:14:21.0 (6768000)|USER_DEBUG|[418]|WARN|No active Support products found for upsell recommendation
10:14:21.0 (6777000)|DML_BEGIN|[419]|Op:Update|Type:Opportunity|Rows:1
10:14:21.0 (6795000)|LIMIT_USAGE|[420]|DML|28|150
10:14:21.0 (6804000)|DML_END|[421]
10:14:21.0 (6819000)|METHOD_EXIT|[30]|01q8Z00000N0ABC|OpportunityTriggerHandler.processOpportunity(Id)
10:14:21.0 (6835000)|METHOD_ENTRY|[30]|01q8Z00000N0ABC|OpportunityTriggerHandler.processOpportunity(Id)
10:14:21.0 (6853000)|VARIABLE_SCOPE_BEGIN|[424]|oppId|Id|true|false
10:14:21.0 (6866000)|VARIABLE_ASSIGNMENT|[425]|oppId|"0068Z0000A00026QAH"
10:14:21.0 (6882000)|SOQL_EXECUTE_BEGIN|[426]|Aggregations:0|SELECT Id, Name, Tier__c FROM Account WHERE Id = :tmpVar1
10:14:21.0 (6904000)|LIMIT_USAGE|[427]|SOQL|56|100
10:14:21.0 (6912000)|SOQL_EXECUTE_END|[428]|Rows:1
10:14:21.0 (6926000)|SOQL_EXECUTE_BEGIN|[429]|Aggregations:0|SELECT Id, OpportunityId, Quantity, TotalPrice FROM OpportunityLineItem WHERE OpportunityId = :tmpVar2
10:14:21.0 (6956000)|LIMIT_USAGE|[430]|SOQL|57|100
10:14:21.0 (6965000)|SOQL_EXECUTE_END|[431]|Rows:12
10:14:21.0 (6982000)|DML_BEGIN|[432]|Op:Update|Type:Opportunity|Rows:1
10:14:21.0 (7000000)|LIMIT_USAGE|[433]|DML|29|150
10:14:21.0 (7009000)|DML_END|[434]
10:14:21.0 (7024000)|METHOD_EXIT|[30]|01q8Z00000N0ABC|OpportunityTriggerHandler.processOpportunity(Id)
10:14:21.0 (7040000)|METHOD_ENTRY|[30]|01q8Z00000N0ABC|OpportunityTriggerHandler.processOpportunity(Id)
10:14:21.0 (7058000)|VARIABLE_SCOPE_BEGIN|[437]|oppId|Id|true|false
10:14:21.0 (7071000)|VARIABLE_ASSIGNMENT|[438]|oppId|"0068Z0000A00027QAH"
10:14:21.0 (7087000)|SOQL_EXECUTE_BEGIN|[439]|Aggregations:0|SELECT Id, Name, Tier__c FROM Account WHERE Id = :tmpVar1
10:14:21.0 (7109000)|LIMIT_USAGE|[440]|SOQL|58|100
10:14:21.0 (7117000)|SOQL_EXECUTE_END|[441]|Rows:1
10:14:21.0 (7131000)|SOQL_EXECUTE_BEGIN|[442]|Aggregations:0|SELECT Id, OpportunityId, Quantity, TotalPrice FROM OpportunityLineItem WHERE OpportunityId = :tmpVar2
10:14:21.0 (7161000)|LIMIT_USAGE|[443]|SOQL|59|100
10:14:21.0 (7170000)|SOQL_EXECUTE_END|[444]|Rows:12
10:14:21.0 (7187000)|DML_BEGIN|[445]|Op:Update|Type:Opportunity|Rows:1
10:14:21.0 (7205000)|LIMIT_USAGE|[446]|DML|30|150
10:14:21.0 (7214000)|DML_END|[447]
10:14:21.0 (7229000)|NAMED_CREDENTIAL_REQUEST|Managed|ERP_NC|https://erp.example.com/api/opportunity|POST|
10:14:21.0 (7240000)|CALLOUT_REQUEST|[448]|HttpRequest[Endpoint=https://erp.example.com/api/opportunity, Method=POST]
10:14:21.0 (7275000)|CALLOUT_RESPONSE|[449]|HttpResponse[Status=200, StatusCode=200]
10:14:21.0 (7279000)|NAMED_CREDENTIAL_RESPONSE|Managed|HttpResponse[Status=OK, StatusCode=200]
10:14:21.0 (7288000)|USER_DEBUG|[450]|INFO|ERP sync completed for Opportunity 0068Z0000A00027QAH
10:14:21.0 (7297000)|LIMIT_USAGE|[451]|CALLOUT|9|100
10:14:21.0 (7306000)|METHOD_EXIT|[30]|01q8Z00000N0ABC|OpportunityTriggerHandler.processOpportunity(Id)
10:14:21.0 (7322000)|METHOD_ENTRY|[30]|01q8Z00000N0ABC|OpportunityTriggerHandler.processOpportunity(Id)
10:14:21.0 (7340000)|VARIABLE_SCOPE_BEGIN|[454]|oppId|Id|true|false
10:14:21.0 (7353000)|VARIABLE_ASSIGNMENT|[455]|oppId|"0068Z0000A00028QAH"
10:14:21.0 (7369000)|VARIABLE_SCOPE_BEGIN|[456]|opportunityIds|List<Id>|true|false
10:14:21.0 (7381000)|VARIABLE_ASSIGNMENT|[457]|opportunityIds|["0068Z0000A00028QAH","0018Z0000B00028QAH","0058Z0000C00028QAH"]|0x7abc0028
10:14:21.0 (7397000)|SOQL_EXECUTE_BEGIN|[458]|Aggregations:0|SELECT Id, Name, Tier__c FROM Account WHERE Id = :tmpVar1
10:14:21.0 (7419000)|LIMIT_USAGE|[459]|SOQL|60|100
10:14:21.0 (7427000)|SOQL_EXECUTE_END|[460]|Rows:1
10:14:21.0 (7441000)|SOQL_EXECUTE_BEGIN|[461]|Aggregations:0|SELECT Id, OpportunityId, Quantity, TotalPrice FROM OpportunityLineItem WHERE OpportunityId = :tmpVar2
10:14:21.0 (7471000)|LIMIT_USAGE|[462]|SOQL|61|100
10:14:21.0 (7480000)|SOQL_EXECUTE_END|[463]|Rows:12
10:14:21.0 (7497000)|DML_BEGIN|[464]|Op:Update|Type:Opportunity|Rows:1
10:14:21.0 (7515000)|LIMIT_USAGE|[465]|DML|31|150
10:14:21.0 (7524000)|DML_END|[466]
10:14:21.0 (7539000)|METHOD_EXIT|[30]|01q8Z00000N0ABC|OpportunityTriggerHandler.processOpportunity(Id)
10:14:21.0 (7555000)|METHOD_ENTRY|[30]|01q8Z00000N0ABC|OpportunityTriggerHandler.processOpportunity(Id)
10:14:21.0 (7573000)|VARIABLE_SCOPE_BEGIN|[469]|oppId|Id|true|false
10:14:21.0 (7586000)|VARIABLE_ASSIGNMENT|[470]|oppId|"0068Z0000A00029QAH"
10:14:21.0 (7602000)|SOQL_EXECUTE_BEGIN|[471]|Aggregations:0|SELECT Id, Name, Tier__c FROM Account WHERE Id = :tmpVar1
10:14:21.0 (7624000)|LIMIT_USAGE|[472]|SOQL|62|100
10:14:21.0 (7632000)|SOQL_EXECUTE_END|[473]|Rows:1
10:14:21.0 (7646000)|SOQL_EXECUTE_BEGIN|[474]|Aggregations:0|SELECT Id, OpportunityId, Quantity, TotalPrice FROM OpportunityLineItem WHERE OpportunityId = :tmpVar2
10:14:21.0 (7676000)|LIMIT_USAGE|[475]|SOQL|63|100
10:14:21.0 (7685000)|SOQL_EXECUTE_END|[476]|Rows:12
10:14:21.0 (7702000)|DML_BEGIN|[477]|Op:Update|Type:Opportunity|Rows:1
10:14:21.0 (7720000)|LIMIT_USAGE|[478]|DML|32|150
10:14:21.0 (7729000)|DML_END|[479]
10:14:21.0 (7744000)|METHOD_EXIT|[30]|01q8Z00000N0ABC|OpportunityTriggerHandler.processOpportunity(Id)
10:14:21.0 (7760000)|METHOD_ENTRY|[30]|01q8Z00000N0ABC|OpportunityTriggerHandler.processOpportunity(Id)
10:14:21.0 (7778000)|VARIABLE_SCOPE_BEGIN|[482]|oppId|Id|true|false
10:14:21.0 (7791000)|VARIABLE_ASSIGNMENT|[483]|oppId|"0068Z0000A00030QAH"
10:14:21.0 (7807000)|SOQL_EXECUTE_BEGIN|[484]|Aggregations:0|SELECT Id, Name, Tier__c FROM Account WHERE Id = :tmpVar1
10:14:21.0 (7829000)|LIMIT_USAGE|[485]|SOQL|64|100
10:14:21.0 (7837000)|SOQL_EXECUTE_END|[486]|Rows:1
10:14:21.0 (7851000)|SOQL_EXECUTE_BEGIN|[487]|Aggregations:0|SELECT Id, OpportunityId, Quantity, TotalPrice FROM OpportunityLineItem WHERE OpportunityId = :tmpVar2
10:14:21.0 (7881000)|LIMIT_USAGE|[488]|SOQL|65|100
10:14:21.0 (7890000)|SOQL_EXECUTE_END|[489]|Rows:12
10:14:21.0 (7907000)|SOQL_EXECUTE_BEGIN|[490]|Aggregations:0|SELECT Id FROM Product2 WHERE Family = 'Support' AND IsActive = true
10:14:21.0 (7919000)|LIMIT_USAGE|[491]|SOQL|66|100
10:14:21.0 (7926000)|SOQL_EXECUTE_END|[492]|Rows:0
10:14:21.0 (7939000)|USER_DEBUG|[493]|WARN|No active Support products found for upsell recommendation
10:14:21.0 (7948000)|DML_BEGIN|[494]|Op:Update|Type:Opportunity|Rows:1
10:14:21.0 (7966000)|LIMIT_USAGE|[495]|DML|33|150
10:14:21.0 (7975000)|DML_END|[496]
10:14:21.0 (7990000)|NAMED_CREDENTIAL_REQUEST|Managed|ERP_NC|https://erp.example.com/api/opportunity|POST|
10:14:21.0 (8001000)|CALLOUT_REQUEST|[497]|HttpRequest[Endpoint=https://erp.example.com/api/opportunity, Method=POST]
10:14:21.0 (8036000)|CALLOUT_RESPONSE|[498]|HttpResponse[Status=200, StatusCode=200]
10:14:21.0 (8040000)|NAMED_CREDENTIAL_RESPONSE|Managed|HttpResponse[Status=OK, StatusCode=200]
10:14:21.0 (8049000)|USER_DEBUG|[499]|INFO|ERP sync completed for Opportunity 0068Z0000A00030QAH
10:14:21.0 (8058000)|LIMIT_USAGE|[500]|CALLOUT|10|100
10:14:21.0 (8067000)|METHOD_EXIT|[30]|01q8Z00000N0ABC|OpportunityTriggerHandler.processOpportunity(Id)
10:14:21.0 (8083000)|HEAP_ALLOCATE|[502]|Bytes:2048
10:14:21.0 (8091000)|CUMULATIVE_PROFILING|SOQL operations|66
10:14:21.0 (8099000)|CUMULATIVE_PROFILING|DML operations|33
10:14:21.0 (8107000)|METHOD_ENTRY|[30]|01q8Z00000N0ABC|OpportunityTriggerHandler.processOpportunity(Id)
10:14:21.0 (8125000)|VARIABLE_SCOPE_BEGIN|[504]|oppId|Id|true|false
10:14:21.0 (8138000)|VARIABLE_ASSIGNMENT|[505]|oppId|"0068Z0000A00031QAH"
10:14:21.0 (8154000)|SOQL_EXECUTE_BEGIN|[506]|Aggregations:0|SELECT Id, Name, Tier__c FROM Account WHERE Id = :tmpVar1
10:14:21.0 (8176000)|LIMIT_USAGE|[507]|SOQL|67|100
10:14:21.0 (8184000)|SOQL_EXECUTE_END|[508]|Rows:1
10:14:21.0 (8198000)|SOQL_EXECUTE_BEGIN|[509]|Aggregations:0|SELECT Id, OpportunityId, Quantity, TotalPrice FROM OpportunityLineItem WHERE OpportunityId = :tmpVar2
10:14:21.0 (8228000)|LIMIT_USAGE|[510]|SOQL|68|100
10:14:21.0 (8237000)|SOQL_EXECUTE_END|[511]|Rows:12
10:14:21.0 (8254000)|DML_BEGIN|[512]|Op:Update|Type:Opportunity|Rows:1
10:14:21.0 (8272000)|LIMIT_USAGE|[513]|DML|34|150
10:14:21.0 (8281000)|DML_END|[514]
10:14:21.0 (8296000)|METHOD_EXIT|[30]|01q8Z00000N0ABC|OpportunityTriggerHandler.processOpportunity(Id)
10:14:21.0 (8312000)|METHOD_ENTRY|[30]|01q8Z00000N0ABC|OpportunityTriggerHandler.processOpportunity(Id)
10:14:21.0 (8330000)|VARIABLE_SCOPE_BEGIN|[517]|oppId|Id|true|false
10:14:21.0 (8343000)|VARIABLE_ASSIGNMENT|[518]|oppId|"0068Z0000A00032QAH"
10:14:21.0 (8359000)|VARIABLE_SCOPE_BEGIN|[519]|opportunityIds|List<Id>|true|false
10:14:21.0 (8371000)|VARIABLE_ASSIGNMENT|[520]|opportunityIds|["0068Z0000A00032QAH","0018Z0000B00032QAH","0058Z0000C00032QAH"]|0x7abc0032
10:14:21.0 (8387000)|SOQL_EXECUTE_BEGIN|[521]|Aggregations:0|SELECT Id, Name, Tier__c FROM Account WHERE Id = :tmpVar1
10:14:21.0 (8409000)|LIMIT_USAGE|[522]|SOQL|69|100
10:14:21.0 (8417000)|SOQL_EXECUTE_END|[523]|Rows:1
10:14:21.0 (8431000)|SOQL_EXECUTE_BEGIN|[524]|Aggregations:0|SELECT Id, OpportunityId, Quantity, TotalPrice FROM OpportunityLineItem WHERE OpportunityId = :tmpVar2
10:14:21.0 (8461000)|LIMIT_USAGE|[525]|SOQL|70|100
10:14:21.0 (8470000)|SOQL_EXECUTE_END|[526]|Rows:12
10:14:21.0 (8487000)|DML_BEGIN|[527]|Op:Update|Type:Opportunity|Rows:1
10:14:21.0 (8505000)|LIMIT_USAGE|[528]|DML|35|150
10:14:21.0 (8514000)|DML_END|[529]
10:14:21.0 (8529000)|FLOW_START_INTERVIEW_BEGIN|3018Z00000FLOWA1|Opportunity_After_Save
10:14:21.0 (8541000)|FLOW_ELEMENT_BEGIN|3018Z00000FLOWA1|DECISION|Route_By_Region
10:14:21.0 (8553000)|FLOW_ELEMENT_END|3018Z00000FLOWA1|DECISION|Route_By_Region
10:14:21.0 (8565000)|FLOW_BULK_ELEMENT_BEGIN|3018Z00000FLOWA1|UPDATE_RECORDS|Update_Owner
10:14:21.0 (8580000)|DML_BEGIN|[EXTERNAL]|Op:Update|Type:Opportunity|Rows:1
10:14:21.0 (8595000)|LIMIT_USAGE|[EXTERNAL]|DML|36|150
10:14:21.0 (8603000)|DML_END|[EXTERNAL]
10:14:21.0 (8615000)|FLOW_BULK_ELEMENT_END|3018Z00000FLOWA1|UPDATE_RECORDS|Update_Owner
10:14:21.0 (8628000)|FLOW_INTERVIEW_FINISHED|3018Z00000FLOWA1|Opportunity_After_Save
10:14:21.0 (8642000)|METHOD_EXIT|[30]|01q8Z00000N0ABC|OpportunityTriggerHandler.processOpportunity(Id)
10:14:21.0 (8658000)|METHOD_ENTRY|[30]|01q8Z00000N0ABC|OpportunityTriggerHandler.processOpportunity(Id)
10:14:21.0 (8676000)|VARIABLE_SCOPE_BEGIN|[532]|oppId|Id|true|false
10:14:21.0 (8689000)|VARIABLE_ASSIGNMENT|[533]|oppId|"0068Z0000A00033QAH"
10:14:21.0 (8705000)|SOQL_EXECUTE_BEGIN|[534]|Aggregations:0|SELECT Id, Name, Tier__c FROM Account WHERE Id = :tmpVar1
10:14:21.0 (8727000)|LIMIT_USAGE|[535]|SOQL|71|100
10:14:21.0 (8735000)|SOQL_EXECUTE_END|[536]|Rows:1
10:14:21.0 (8749000)|SOQL_EXECUTE_BEGIN|[537]|Aggregations:0|SELECT Id, OpportunityId, Quantity, TotalPrice FROM OpportunityLineItem WHERE OpportunityId = :tmpVar2
10:14:21.0 (8779000)|LIMIT_USAGE|[538]|SOQL|72|100
10:14:21.0 (8788000)|SOQL_EXECUTE_END|[539]|Rows:12
10:14:21.0 (8805000)|DML_BEGIN|[540]|Op:Update|Type:Opportunity|Rows:1
10:14:21.0 (8823000)|LIMIT_USAGE|[541]|DML|37|150
10:14:21.0 (8832000)|DML_END|[542]
10:14:21.0 (8847000)|NAMED_CREDENTIAL_REQUEST|Managed|ERP_NC|https://erp.example.com/api/opportunity|POST|
10:14:21.0 (8858000)|CALLOUT_REQUEST|[543]|HttpRequest[Endpoint=https://erp.example.com/api/opportunity, Method=POST]
10:14:21.0 (8893000)|CALLOUT_RESPONSE|[544]|HttpResponse[Status=200, StatusCode=200]
10:14:21.0 (8897000)|NAMED_CREDENTIAL_RESPONSE|Managed|HttpResponse[Status=OK, StatusCode=200]
10:14:21.0 (8906000)|USER_DEBUG|[545]|INFO|ERP sync completed for Opportunity 0068Z0000A00033QAH
10:14:21.0 (8915000)|LIMIT_USAGE|[546]|CALLOUT|11|100
10:14:21.0 (8924000)|METHOD_EXIT|[30]|01q8Z00000N0ABC|OpportunityTriggerHandler.processOpportunity(Id)
10:14:21.0 (8940000)|METHOD_ENTRY|[30]|01q8Z00000N0ABC|OpportunityTriggerHandler.processOpportunity(Id)
10:14:21.0 (8958000)|VARIABLE_SCOPE_BEGIN|[549]|oppId|Id|true|false
10:14:21.0 (8971000)|VARIABLE_ASSIGNMENT|[550]|oppId|"0068Z0000A00034QAH"
10:14:21.0 (8987000)|SOQL_EXECUTE_BEGIN|[551]|Aggregations:0|SELECT Id, Name, Tier__c FROM Account WHERE Id = :tmpVar1
10:14:21.0 (9009000)|LIMIT_USAGE|[552]|SOQL|73|100
10:14:21.0 (9017000)|SOQL_EXECUTE_END|[553]|Rows:1
10:14:21.0 (9031000)|SOQL_EXECUTE_BEGIN|[554]|Aggregations:0|SELECT Id, OpportunityId, Quantity, TotalPrice FROM OpportunityLineItem WHERE OpportunityId = :tmpVar2
10:14:21.0 (9061000)|LIMIT_USAGE|[555]|SOQL|74|100
10:14:21.0 (9070000)|SOQL_EXECUTE_END|[556]|Rows:12
10:14:21.0 (9087000)|DML_BEGIN|[557]|Op:Update|Type:Opportunity|Rows:1
10:14:21.0 (9105000)|LIMIT_USAGE|[558]|DML|38|150
10:14:21.0 (9114000)|DML_END|[559]
10:14:21.0 (9129000)|METHOD_EXIT|[30]|01q8Z00000N0ABC|OpportunityTriggerHandler.processOpportunity(Id)
10:14:21.0 (9145000)|METHOD_ENTRY|[30]|01q8Z00000N0ABC|OpportunityTriggerHandler.processOpportunity(Id)
10:14:21.0 (9163000)|VARIABLE_SCOPE_BEGIN|[562]|oppId|Id|true|false
10:14:21.0 (9176000)|VARIABLE_ASSIGNMENT|[563]|oppId|"0068Z0000A00035QAH"
10:14:21.0 (9192000)|SOQL_EXECUTE_BEGIN|[564]|Aggregations:0|SELECT Id, Name, Tier__c FROM Account WHERE Id = :tmpVar1
10:14:21.0 (9214000)|LIMIT_USAGE|[565]|SOQL|75|100
10:14:21.0 (9222000)|SOQL_EXECUTE_END|[566]|Rows:1
10:14:21.0 (9236000)|SOQL_EXECUTE_BEGIN|[567]|Aggregations:0|SELECT Id, OpportunityId, Quantity, TotalPrice FROM OpportunityLineItem WHERE OpportunityId = :tmpVar2
10:14:21.0 (9266000)|LIMIT_USAGE|[568]|SOQL|76|100
10:14:21.0 (9275000)|SOQL_EXECUTE_END|[569]|Rows:12
10:14:21.0 (9292000)|SOQL_EXECUTE_BEGIN|[570]|Aggregations:0|SELECT Id FROM Product2 WHERE Family = 'Support' AND IsActive = true
10:14:21.0 (9304000)|LIMIT_USAGE|[571]|SOQL|77|100
10:14:21.0 (9311000)|SOQL_EXECUTE_END|[572]|Rows:0
10:14:21.0 (9324000)|USER_DEBUG|[573]|WARN|No active Support products found for upsell recommendation
10:14:21.0 (9333000)|DML_BEGIN|[574]|Op:Update|Type:Opportunity|Rows:1
10:14:21.0 (9351000)|LIMIT_USAGE|[575]|DML|39|150
10:14:21.0 (9360000)|DML_END|[576]
10:14:21.0 (9375000)|METHOD_EXIT|[30]|01q8Z00000N0ABC|OpportunityTriggerHandler.processOpportunity(Id)
10:14:21.0 (9391000)|METHOD_ENTRY|[30]|01q8Z00000N0ABC|OpportunityTriggerHandler.processOpportunity(Id)
10:14:21.0 (9409000)|VARIABLE_SCOPE_BEGIN|[579]|oppId|Id|true|false
10:14:21.0 (9422000)|VARIABLE_ASSIGNMENT|[580]|oppId|"0068Z0000A00036QAH"
10:14:21.0 (9438000)|VARIABLE_SCOPE_BEGIN|[581]|opportunityIds|List<Id>|true|false
10:14:21.0 (9450000)|VARIABLE_ASSIGNMENT|[582]|opportunityIds|["0068Z0000A00036QAH","0018Z0000B00036QAH","0058Z0000C00036QAH"]|0x7abc0036
10:14:21.0 (9466000)|SOQL_EXECUTE_BEGIN|[583]|Aggregations:0|SELECT Id, Name, Tier__c FROM Account WHERE Id = :tmpVar1
10:14:21.0 (9488000)|LIMIT_USAGE|[584]|SOQL|78|100
10:14:21.0 (9496000)|SOQL_EXECUTE_END|[585]|Rows:1
10:14:21.0 (9510000)|SOQL_EXECUTE_BEGIN|[586]|Aggregations:0|SELECT Id, OpportunityId, Quantity, TotalPrice FROM OpportunityLineItem WHERE OpportunityId = :tmpVar2
10:14:21.0 (9540000)|LIMIT_USAGE|[587]|SOQL|79|100
10:14:21.0 (9549000)|SOQL_EXECUTE_END|[588]|Rows:12
10:14:21.0 (9566000)|DML_BEGIN|[589]|Op:Update|Type:Opportunity|Rows:1
10:14:21.0 (9584000)|LIMIT_USAGE|[590]|DML|40|150
10:14:21.0 (9593000)|DML_END|[591]
10:14:21.0 (9608000)|NAMED_CREDENTIAL_REQUEST|Managed|ERP_NC|https://erp.example.com/api/opportunity|POST|
10:14:21.0 (9619000)|CALLOUT_REQUEST|[592]|HttpRequest[Endpoint=https://erp.example.com/api/opportunity, Method=POST]
10:14:21.0 (9654000)|CALLOUT_RESPONSE|[593]|HttpResponse[Status=500, StatusCode=500]
10:14:21.0 (9658000)|NAMED_CREDENTIAL_RESPONSE|Managed|HttpResponse[Status=Read timed out, StatusCode=500]
10:14:21.0 (9667000)|EXCEPTION_THROWN|[594]|System.CalloutException: Read timed out
10:14:21.0 (9682000)|USER_DEBUG|[595]|ERROR|Timeout from downstream pricing engine; using cached quote values
10:14:21.0 (9693000)|LIMIT_USAGE|[596]|CALLOUT|12|100
10:14:21.0 (9702000)|METHOD_EXIT|[30]|01q8Z00000N0ABC|OpportunityTriggerHandler.processOpportunity(Id)
10:14:21.0 (9718000)|METHOD_ENTRY|[30]|01q8Z00000N0ABC|OpportunityTriggerHandler.processOpportunity(Id)
10:14:21.0 (9736000)|VARIABLE_SCOPE_BEGIN|[599]|oppId|Id|true|false
10:14:21.0 (9749000)|VARIABLE_ASSIGNMENT|[600]|oppId|"0068Z0000A00037QAH"
10:14:21.0 (9765000)|SOQL_EXECUTE_BEGIN|[601]|Aggregations:0|SELECT Id, Name, Tier__c FROM Account WHERE Id = :tmpVar1
10:14:21.0 (9787000)|LIMIT_USAGE|[602]|SOQL|80|100
10:14:21.0 (9795000)|SOQL_EXECUTE_END|[603]|Rows:1
10:14:21.0 (9809000)|SOQL_EXECUTE_BEGIN|[604]|Aggregations:0|SELECT Id, OpportunityId, Quantity, TotalPrice FROM OpportunityLineItem WHERE OpportunityId = :tmpVar2
10:14:21.0 (9839000)|LIMIT_USAGE|[605]|SOQL|81|100
10:14:21.0 (9848000)|SOQL_EXECUTE_END|[606]|Rows:12
10:14:21.0 (9865000)|DML_BEGIN|[607]|Op:Update|Type:Opportunity|Rows:1
10:14:21.0 (9883000)|LIMIT_USAGE|[608]|DML|41|150
10:14:21.0 (9892000)|DML_END|[609]
10:14:21.0 (9907000)|METHOD_EXIT|[30]|01q8Z00000N0ABC|OpportunityTriggerHandler.processOpportunity(Id)
10:14:21.0 (9923000)|METHOD_ENTRY|[30]|01q8Z00000N0ABC|OpportunityTriggerHandler.processOpportunity(Id)
10:14:21.0 (9941000)|VARIABLE_SCOPE_BEGIN|[612]|oppId|Id|true|false
10:14:21.0 (9954000)|VARIABLE_ASSIGNMENT|[613]|oppId|"0068Z0000A00038QAH"
10:14:21.0 (9970000)|SOQL_EXECUTE_BEGIN|[614]|Aggregations:0|SELECT Id, Name, Tier__c FROM Account WHERE Id = :tmpVar1
10:14:21.0 (9992000)|LIMIT_USAGE|[615]|SOQL|82|100
10:14:21.0 (10000000)|SOQL_EXECUTE_END|[616]|Rows:1
10:14:21.0 (10014000)|SOQL_EXECUTE_BEGIN|[617]|Aggregations:0|SELECT Id, OpportunityId, Quantity, TotalPrice FROM OpportunityLineItem WHERE OpportunityId = :tmpVar2
10:14:21.0 (10044000)|LIMIT_USAGE|[618]|SOQL|83|100
10:14:21.0 (10053000)|SOQL_EXECUTE_END|[619]|Rows:12
10:14:21.0 (10070000)|DML_BEGIN|[620]|Op:Update|Type:Opportunity|Rows:1
10:14:21.0 (10088000)|LIMIT_USAGE|[621]|DML|42|150
10:14:21.0 (10097000)|DML_END|[622]
10:14:21.0 (10112000)|METHOD_EXIT|[30]|01q8Z00000N0ABC|OpportunityTriggerHandler.processOpportunity(Id)
10:14:21.0 (10128000)|METHOD_ENTRY|[30]|01q8Z00000N0ABC|OpportunityTriggerHandler.processOpportunity(Id)
10:14:21.0 (10146000)|VARIABLE_SCOPE_BEGIN|[625]|oppId|Id|true|false
10:14:21.0 (10159000)|VARIABLE_ASSIGNMENT|[626]|oppId|"0068Z0000A00039QAH"
10:14:21.0 (10175000)|SOQL_EXECUTE_BEGIN|[627]|Aggregations:0|SELECT Id, Name, Tier__c FROM Account WHERE Id = :tmpVar1
10:14:21.0 (10197000)|LIMIT_USAGE|[628]|SOQL|84|100
10:14:21.0 (10205000)|SOQL_EXECUTE_END|[629]|Rows:1
10:14:21.0 (10219000)|SOQL_EXECUTE_BEGIN|[630]|Aggregations:0|SELECT Id, OpportunityId, Quantity, TotalPrice FROM OpportunityLineItem WHERE OpportunityId = :tmpVar2
10:14:21.0 (10249000)|LIMIT_USAGE|[631]|SOQL|85|100
10:14:21.0 (10258000)|SOQL_EXECUTE_END|[632]|Rows:12
10:14:21.0 (10275000)|DML_BEGIN|[633]|Op:Update|Type:Opportunity|Rows:1
10:14:21.0 (10293000)|LIMIT_USAGE|[634]|DML|43|150
10:14:21.0 (10302000)|DML_END|[635]
10:14:21.0 (10317000)|NAMED_CREDENTIAL_REQUEST|Managed|ERP_NC|https://erp.example.com/api/opportunity|POST|
10:14:21.0 (10328000)|CALLOUT_REQUEST|[636]|HttpRequest[Endpoint=https://erp.example.com/api/opportunity, Method=POST]
10:14:21.0 (10363000)|CALLOUT_RESPONSE|[637]|HttpResponse[Status=200, StatusCode=200]
10:14:21.0 (10367000)|NAMED_CREDENTIAL_RESPONSE|Managed|HttpResponse[Status=OK, StatusCode=200]
10:14:21.0 (10376000)|USER_DEBUG|[638]|INFO|ERP sync completed for Opportunity 0068Z0000A00039QAH
10:14:21.0 (10385000)|LIMIT_USAGE|[639]|CALLOUT|13|100
10:14:21.0 (10394000)|METHOD_EXIT|[30]|01q8Z00000N0ABC|OpportunityTriggerHandler.processOpportunity(Id)
10:14:21.0 (10410000)|METHOD_ENTRY|[30]|01q8Z00000N0ABC|OpportunityTriggerHandler.processOpportunity(Id)
10:14:21.0 (10428000)|VARIABLE_SCOPE_BEGIN|[642]|oppId|Id|true|false
10:14:21.0 (10441000)|VARIABLE_ASSIGNMENT|[643]|oppId|"0068Z0000A00040QAH"
10:14:21.0 (10457000)|VARIABLE_SCOPE_BEGIN|[644]|opportunityIds|List<Id>|true|false
10:14:21.0 (10469000)|VARIABLE_ASSIGNMENT|[645]|opportunityIds|["0068Z0000A00040QAH","0018Z0000B00040QAH","0058Z0000C00040QAH"]|0x7abc0040
10:14:21.0 (10485000)|SOQL_EXECUTE_BEGIN|[646]|Aggregations:0|SELECT Id, Name, Tier__c FROM Account WHERE Id = :tmpVar1
10:14:21.0 (10507000)|LIMIT_USAGE|[647]|SOQL|86|100
10:14:21.0 (10515000)|SOQL_EXECUTE_END|[648]|Rows:1
10:14:21.0 (10529000)|SOQL_EXECUTE_BEGIN|[649]|Aggregations:0|SELECT Id, OpportunityId, Quantity, TotalPrice FROM OpportunityLineItem WHERE OpportunityId = :tmpVar2
10:14:21.0 (10559000)|LIMIT_USAGE|[650]|SOQL|87|100
10:14:21.0 (10568000)|SOQL_EXECUTE_END|[651]|Rows:12
10:14:21.0 (10585000)|SOQL_EXECUTE_BEGIN|[652]|Aggregations:0|SELECT Id FROM Product2 WHERE Family = 'Support' AND IsActive = true
10:14:21.0 (10597000)|LIMIT_USAGE|[653]|SOQL|88|100
10:14:21.0 (10604000)|SOQL_EXECUTE_END|[654]|Rows:0
10:14:21.0 (10617000)|USER_DEBUG|[655]|WARN|No active Support products found for upsell recommendation
10:14:21.0 (10626000)|DML_BEGIN|[656]|Op:Update|Type:Opportunity|Rows:1
10:14:21.0 (10644000)|LIMIT_USAGE|[657]|DML|44|150
10:14:21.0 (10653000)|DML_END|[658]
10:14:21.0 (10668000)|FLOW_START_INTERVIEW_BEGIN|3018Z00000FLOWA1|Opportunity_After_Save
10:14:21.0 (10680000)|FLOW_ELEMENT_BEGIN|3018Z00000FLOWA1|DECISION|Route_By_Region
10:14:21.0 (10692000)|FLOW_ELEMENT_END|3018Z00000FLOWA1|DECISION|Route_By_Region
10:14:21.0 (10704000)|FLOW_BULK_ELEMENT_BEGIN|3018Z00000FLOWA1|UPDATE_RECORDS|Update_Owner
10:14:21.0 (10719000)|DML_BEGIN|[EXTERNAL]|Op:Update|Type:Opportunity|Rows:1
10:14:21.0 (10734000)|LIMIT_USAGE|[EXTERNAL]|DML|45|150
10:14:21.0 (10742000)|DML_END|[EXTERNAL]
10:14:21.0 (10754000)|FLOW_BULK_ELEMENT_END|3018Z00000FLOWA1|UPDATE_RECORDS|Update_Owner
10:14:21.0 (10767000)|FLOW_INTERVIEW_FINISHED|3018Z00000FLOWA1|Opportunity_After_Save
10:14:21.0 (10781000)|METHOD_EXIT|[30]|01q8Z00000N0ABC|OpportunityTriggerHandler.processOpportunity(Id)
10:14:21.0 (10797000)|HEAP_ALLOCATE|[660]|Bytes:2048
10:14:21.0 (10805000)|CUMULATIVE_PROFILING|SOQL operations|88
10:14:21.0 (10813000)|CUMULATIVE_PROFILING|DML operations|45
10:14:21.0 (10821000)|METHOD_ENTRY|[30]|01q8Z00000N0ABC|OpportunityTriggerHandler.processOpportunity(Id)
10:14:21.0 (10839000)|VARIABLE_SCOPE_BEGIN|[662]|oppId|Id|true|false
10:14:21.0 (10852000)|VARIABLE_ASSIGNMENT|[663]|oppId|"0068Z0000A00041QAH"
10:14:21.0 (10868000)|SOQL_EXECUTE_BEGIN|[664]|Aggregations:0|SELECT Id, Name, Tier__c FROM Account WHERE Id = :tmpVar1
10:14:21.0 (10890000)|LIMIT_USAGE|[665]|SOQL|89|100
10:14:21.0 (10898000)|SOQL_EXECUTE_END|[666]|Rows:1
10:14:21.0 (10912000)|SOQL_EXECUTE_BEGIN|[667]|Aggregations:0|SELECT Id, OpportunityId, Quantity, TotalPrice FROM OpportunityLineItem WHERE OpportunityId = :tmpVar2
10:14:21.0 (10942000)|LIMIT_USAGE|[668]|SOQL|90|100
10:14:21.0 (10951000)|SOQL_EXECUTE_END|[669]|Rows:12
10:14:21.0 (10968000)|DML_BEGIN|[670]|Op:Update|Type:Opportunity|Rows:1
10:14:21.0 (10986000)|LIMIT_USAGE|[671]|DML|46|150
10:14:21.0 (10995000)|DML_END|[672]
10:14:21.0 (11010000)|METHOD_EXIT|[30]|01q8Z00000N0ABC|OpportunityTriggerHandler.processOpportunity(Id)
10:14:21.0 (11026000)|METHOD_ENTRY|[30]|01q8Z00000N0ABC|OpportunityTriggerHandler.processOpportunity(Id)
10:14:21.0 (11044000)|VARIABLE_SCOPE_BEGIN|[675]|oppId|Id|true|false
10:14:21.0 (11057000)|VARIABLE_ASSIGNMENT|[676]|oppId|"0068Z0000A00042QAH"
10:14:21.0 (11073000)|SOQL_EXECUTE_BEGIN|[677]|Aggregations:0|SELECT Id, Name, Tier__c FROM Account WHERE Id = :tmpVar1
10:14:21.0 (11095000)|LIMIT_USAGE|[678]|SOQL|91|100
10:14:21.0 (11103000)|SOQL_EXECUTE_END|[679]|Rows:1
10:14:21.0 (11117000)|SOQL_EXECUTE_BEGIN|[680]|Aggregations:0|SELECT Id, OpportunityId, Quantity, TotalPrice FROM OpportunityLineItem WHERE OpportunityId = :tmpVar2
10:14:21.0 (11147000)|LIMIT_USAGE|[681]|SOQL|92|100
10:14:21.0 (11156000)|SOQL_EXECUTE_END|[682]|Rows:12
10:14:21.0 (11173000)|DML_BEGIN|[683]|Op:Update|Type:Opportunity|Rows:1
10:14:21.0 (11191000)|LIMIT_USAGE|[684]|DML|47|150
10:14:21.0 (11200000)|DML_END|[685]
10:14:21.0 (11215000)|NAMED_CREDENTIAL_REQUEST|Managed|ERP_NC|https://erp.example.com/api/opportunity|POST|
10:14:21.0 (11226000)|CALLOUT_REQUEST|[686]|HttpRequest[Endpoint=https://erp.example.com/api/opportunity, Method=POST]
10:14:21.0 (11261000)|CALLOUT_RESPONSE|[687]|HttpResponse[Status=200, StatusCode=200]
10:14:21.0 (11265000)|NAMED_CREDENTIAL_RESPONSE|Managed|HttpResponse[Status=OK, StatusCode=200]
10:14:21.0 (11274000)|USER_DEBUG|[688]|INFO|ERP sync completed for Opportunity 0068Z0000A00042QAH
10:14:21.0 (11283000)|LIMIT_USAGE|[689]|CALLOUT|14|100
10:14:21.0 (11292000)|METHOD_EXIT|[30]|01q8Z00000N0ABC|OpportunityTriggerHandler.processOpportunity(Id)
10:14:21.0 (11308000)|METHOD_ENTRY|[30]|01q8Z00000N0ABC|OpportunityTriggerHandler.processOpportunity(Id)
10:14:21.0 (11326000)|VARIABLE_SCOPE_BEGIN|[692]|oppId|Id|true|false
10:14:21.0 (11339000)|VARIABLE_ASSIGNMENT|[693]|oppId|"0068Z0000A00043QAH"
10:14:21.0 (11355000)|SOQL_EXECUTE_BEGIN|[694]|Aggregations:0|SELECT Id, Name, Tier__c FROM Account WHERE Id = :tmpVar1
10:14:21.0 (11377000)|LIMIT_USAGE|[695]|SOQL|93|100
10:14:21.0 (11385000)|SOQL_EXECUTE_END|[696]|Rows:1
10:14:21.0 (11399000)|SOQL_EXECUTE_BEGIN|[697]|Aggregations:0|SELECT Id, OpportunityId, Quantity, TotalPrice FROM OpportunityLineItem WHERE OpportunityId = :tmpVar2
10:14:21.0 (11429000)|LIMIT_USAGE|[698]|SOQL|94|100
10:14:21.0 (11438000)|SOQL_EXECUTE_END|[699]|Rows:12
10:14:21.0 (11455000)|DML_BEGIN|[700]|Op:Update|Type:Opportunity|Rows:1
10:14:21.0 (11473000)|LIMIT_USAGE|[701]|DML|48|150
10:14:21.0 (11482000)|DML_END|[702]
10:14:21.0 (11497000)|METHOD_EXIT|[30]|01q8Z00000N0ABC|OpportunityTriggerHandler.processOpportunity(Id)
10:14:21.0 (11513000)|METHOD_ENTRY|[30]|01q8Z00000N0ABC|OpportunityTriggerHandler.processOpportunity(Id)
10:14:21.0 (11531000)|VARIABLE_SCOPE_BEGIN|[705]|oppId|Id|true|false
10:14:21.0 (11544000)|VARIABLE_ASSIGNMENT|[706]|oppId|"0068Z0000A00044QAH"
10:14:21.0 (11560000)|VARIABLE_SCOPE_BEGIN|[707]|opportunityIds|List<Id>|true|false
10:14:21.0 (11572000)|VARIABLE_ASSIGNMENT|[708]|opportunityIds|["0068Z0000A00044QAH","0018Z0000B00044QAH","0058Z0000C00044QAH"]|0x7abc0044
10:14:21.0 (11588000)|SOQL_EXECUTE_BEGIN|[709]|Aggregations:0|SELECT Id, Name, Tier__c FROM Account WHERE Id = :tmpVar1
10:14:21.0 (11610000)|LIMIT_USAGE|[710]|SOQL|95|100
10:14:21.0 (11618000)|SOQL_EXECUTE_END|[711]|Rows:1
10:14:21.0 (11632000)|SOQL_EXECUTE_BEGIN|[712]|Aggregations:0|SELECT Id, OpportunityId, Quantity, TotalPrice FROM OpportunityLineItem WHERE OpportunityId = :tmpVar2
10:14:21.0 (11662000)|LIMIT_USAGE|[713]|SOQL|96|100
10:14:21.0 (11671000)|SOQL_EXECUTE_END|[714]|Rows:12
10:14:21.0 (11688000)|DML_BEGIN|[715]|Op:Update|Type:Opportunity|Rows:1
10:14:21.0 (11706000)|LIMIT_USAGE|[716]|DML|49|150
10:14:21.0 (11715000)|DML_END|[717]
10:14:21.0 (11730000)|METHOD_EXIT|[30]|01q8Z00000N0ABC|OpportunityTriggerHandler.processOpportunity(Id)
10:14:21.0 (11746000)|METHOD_ENTRY|[30]|01q8Z00000N0ABC|OpportunityTriggerHandler.processOpportunity(Id)
10:14:21.0 (11764000)|VARIABLE_SCOPE_BEGIN|[720]|oppId|Id|true|false
10:14:21.0 (11777000)|VARIABLE_ASSIGNMENT|[721]|oppId|"0068Z0000A00045QAH"
10:14:21.0 (11793000)|SOQL_EXECUTE_BEGIN|[722]|Aggregations:0|SELECT Id, Name, Tier__c FROM Account WHERE Id = :tmpVar1
10:14:21.0 (11815000)|LIMIT_USAGE|[723]|SOQL|97|100
10:14:21.0 (11823000)|SOQL_EXECUTE_END|[724]|Rows:1
10:14:21.0 (11837000)|SOQL_EXECUTE_BEGIN|[725]|Aggregations:0|SELECT Id, OpportunityId, Quantity, TotalPrice FROM OpportunityLineItem WHERE OpportunityId = :tmpVar2
10:14:21.0 (11867000)|LIMIT_USAGE|[726]|SOQL|98|100
10:14:21.0 (11876000)|SOQL_EXECUTE_END|[727]|Rows:12
10:14:21.0 (11893000)|SOQL_EXECUTE_BEGIN|[728]|Aggregations:0|SELECT Id FROM Product2 WHERE Family = 'Support' AND IsActive = true
10:14:21.0 (11905000)|LIMIT_USAGE|[729]|SOQL|99|100
10:14:21.0 (11912000)|SOQL_EXECUTE_END|[730]|Rows:0
10:14:21.0 (11925000)|USER_DEBUG|[731]|WARN|No active Support products found for upsell recommendation
10:14:21.0 (11934000)|DML_BEGIN|[732]|Op:Update|Type:Opportunity|Rows:1
10:14:21.0 (11952000)|LIMIT_USAGE|[733]|DML|50|150
10:14:21.0 (11961000)|DML_END|[734]
10:14:21.0 (11976000)|NAMED_CREDENTIAL_REQUEST|Managed|ERP_NC|https://erp.example.com/api/opportunity|POST|
10:14:21.0 (11987000)|CALLOUT_REQUEST|[735]|HttpRequest[Endpoint=https://erp.example.com/api/opportunity, Method=POST]
10:14:21.0 (12022000)|CALLOUT_RESPONSE|[736]|HttpResponse[Status=200, StatusCode=200]
10:14:21.0 (12026000)|NAMED_CREDENTIAL_RESPONSE|Managed|HttpResponse[Status=OK, StatusCode=200]
10:14:21.0 (12035000)|USER_DEBUG|[737]|INFO|ERP sync completed for Opportunity 0068Z0000A00045QAH
10:14:21.0 (12044000)|LIMIT_USAGE|[738]|CALLOUT|15|100
10:14:21.0 (12053000)|METHOD_EXIT|[30]|01q8Z00000N0ABC|OpportunityTriggerHandler.processOpportunity(Id)
10:14:21.0 (12069000)|METHOD_ENTRY|[30]|01q8Z00000N0ABC|OpportunityTriggerHandler.processOpportunity(Id)
10:14:21.0 (12087000)|VARIABLE_SCOPE_BEGIN|[741]|oppId|Id|true|false
10:14:21.0 (12100000)|VARIABLE_ASSIGNMENT|[742]|oppId|"0068Z0000A00046QAH"
10:14:21.0 (12116000)|SOQL_EXECUTE_BEGIN|[743]|Aggregations:0|SELECT Id, Name, Tier__c FROM Account WHERE Id = :tmpVar1
10:14:21.0 (12138000)|LIMIT_USAGE|[744]|SOQL|100|100
10:14:21.0 (12146000)|SOQL_EXECUTE_END|[745]|Rows:1
10:14:21.0 (12160000)|SOQL_EXECUTE_BEGIN|[746]|Aggregations:0|SELECT Id, OpportunityId, Quantity, TotalPrice FROM OpportunityLineItem WHERE OpportunityId = :tmpVar2
10:14:21.0 (12190000)|LIMIT_USAGE|[747]|SOQL|101|100
10:14:21.0 (12199000)|SOQL_EXECUTE_END|[748]|Rows:12
10:14:21.0 (12216000)|DML_BEGIN|[749]|Op:Update|Type:Opportunity|Rows:1
10:14:21.0 (12234000)|LIMIT_USAGE|[750]|DML|51|150
10:14:21.0 (12243000)|DML_END|[751]
10:14:21.0 (12258000)|METHOD_EXIT|[30]|01q8Z00000N0ABC|OpportunityTriggerHandler.processOpportunity(Id)
10:14:21.0 (12274000)|METHOD_ENTRY|[30]|01q8Z00000N0ABC|OpportunityTriggerHandler.processOpportunity(Id)
10:14:21.0 (12292000)|VARIABLE_SCOPE_BEGIN|[754]|oppId|Id|true|false
10:14:21.0 (12305000)|VARIABLE_ASSIGNMENT|[755]|oppId|"0068Z0000A00047QAH"
10:14:21.0 (12321000)|SOQL_EXECUTE_BEGIN|[756]|Aggregations:0|SELECT Id, Name, Tier__c FROM Account WHERE Id = :tmpVar1
10:14:21.0 (12343000)|LIMIT_USAGE|[757]|SOQL|102|100
10:14:21.0 (12351000)|SOQL_EXECUTE_END|[758]|Rows:1
10:14:21.0 (12365000)|SOQL_EXECUTE_BEGIN|[759]|Aggregations:0|SELECT Id, OpportunityId, Quantity, TotalPrice FROM OpportunityLineItem WHERE OpportunityId = :tmpVar2
10:14:21.0 (12395000)|LIMIT_USAGE|[760]|SOQL|103|100
10:14:21.0 (12404000)|SOQL_EXECUTE_END|[761]|Rows:12
10:14:21.0 (12421000)|DML_BEGIN|[762]|Op:Update|Type:Opportunity|Rows:1
10:14:21.0 (12439000)|LIMIT_USAGE|[763]|DML|52|150
10:14:21.0 (12448000)|DML_END|[764]
10:14:21.0 (12463000)|METHOD_EXIT|[30]|01q8Z00000N0ABC|OpportunityTriggerHandler.processOpportunity(Id)
10:14:21.0 (12479000)|METHOD_ENTRY|[30]|01q8Z00000N0ABC|OpportunityTriggerHandler.processOpportunity(Id)
10:14:21.0 (12497000)|VARIABLE_SCOPE_BEGIN|[767]|oppId|Id|true|false
10:14:21.0 (12510000)|VARIABLE_ASSIGNMENT|[768]|oppId|"0068Z0000A00048QAH"
10:14:21.0 (12526000)|VARIABLE_SCOPE_BEGIN|[769]|opportunityIds|List<Id>|true|false
10:14:21.0 (12538000)|VARIABLE_ASSIGNMENT|[770]|opportunityIds|["0068Z0000A00048QAH","0018Z0000B00048QAH","0058Z0000C00048QAH"]|0x7abc0048
10:14:21.0 (12554000)|SOQL_EXECUTE_BEGIN|[771]|Aggregations:0|SELECT Id, Name, Tier__c FROM Account WHERE Id = :tmpVar1
10:14:21.0 (12576000)|LIMIT_USAGE|[772]|SOQL|104|100
10:14:21.0 (12584000)|SOQL_EXECUTE_END|[773]|Rows:1
10:14:21.0 (12598000)|SOQL_EXECUTE_BEGIN|[774]|Aggregations:0|SELECT Id, OpportunityId, Quantity, TotalPrice FROM OpportunityLineItem WHERE OpportunityId = :tmpVar2
10:14:21.0 (12628000)|LIMIT_USAGE|[775]|SOQL|105|100
10:14:21.0 (12637000)|SOQL_EXECUTE_END|[776]|Rows:12
10:14:21.0 (12654000)|DML_BEGIN|[777]|Op:Update|Type:Opportunity|Rows:1
10:14:21.0 (12672000)|LIMIT_USAGE|[778]|DML|53|150
10:14:21.0 (12681000)|DML_END|[779]
10:14:21.0 (12696000)|NAMED_CREDENTIAL_REQUEST|Managed|ERP_NC|https://erp.example.com/api/opportunity|POST|
10:14:21.0 (12707000)|CALLOUT_REQUEST|[780]|HttpRequest[Endpoint=https://erp.example.com/api/opportunity, Method=POST]
10:14:21.0 (12742000)|CALLOUT_RESPONSE|[781]|HttpResponse[Status=500, StatusCode=500]
10:14:21.0 (12746000)|NAMED_CREDENTIAL_RESPONSE|Managed|HttpResponse[Status=Read timed out, StatusCode=500]
10:14:21.0 (12755000)|EXCEPTION_THROWN|[782]|System.CalloutException: Read timed out
10:14:21.0 (12770000)|USER_DEBUG|[783]|ERROR|Timeout from downstream pricing engine; using cached quote values
10:14:21.0 (12781000)|LIMIT_USAGE|[784]|CALLOUT|16|100
10:14:21.0 (12790000)|FLOW_START_INTERVIEW_BEGIN|3018Z00000FLOWA1|Opportunity_After_Save
10:14:21.0 (12802000)|FLOW_ELEMENT_BEGIN|3018Z00000FLOWA1|DECISION|Route_By_Region
10:14:21.0 (12814000)|FLOW_ELEMENT_END|3018Z00000FLOWA1|DECISION|Route_By_Region
10:14:21.0 (12826000)|FLOW_BULK_ELEMENT_BEGIN|3018Z00000FLOWA1|UPDATE_RECORDS|Update_Owner
10:14:21.0 (12841000)|DML_BEGIN|[EXTERNAL]|Op:Update|Type:Opportunity|Rows:1
10:14:21.0 (12856000)|LIMIT_USAGE|[EXTERNAL]|DML|54|150
10:14:21.0 (12864000)|DML_END|[EXTERNAL]
10:14:21.0 (12876000)|FLOW_BULK_ELEMENT_END|3018Z00000FLOWA1|UPDATE_RECORDS|Update_Owner
10:14:21.0 (12889000)|FLOW_INTERVIEW_FINISHED|3018Z00000FLOWA1|Opportunity_After_Save
10:14:21.0 (12903000)|METHOD_EXIT|[30]|01q8Z00000N0ABC|OpportunityTriggerHandler.processOpportunity(Id)
10:14:21.0 (12919000)|METHOD_ENTRY|[30]|01q8Z00000N0ABC|OpportunityTriggerHandler.processOpportunity(Id)
10:14:21.0 (12937000)|VARIABLE_SCOPE_BEGIN|[787]|oppId|Id|true|false
10:14:21.0 (12950000)|VARIABLE_ASSIGNMENT|[788]|oppId|"0068Z0000A00049QAH"
10:14:21.0 (12966000)|SOQL_EXECUTE_BEGIN|[789]|Aggregations:0|SELECT Id, Name, Tier__c FROM Account WHERE Id = :tmpVar1
10:14:21.0 (12988000)|LIMIT_USAGE|[790]|SOQL|106|100
10:14:21.0 (12996000)|SOQL_EXECUTE_END|[791]|Rows:1
10:14:21.0 (13010000)|SOQL_EXECUTE_BEGIN|[792]|Aggregations:0|SELECT Id, OpportunityId, Quantity, TotalPrice FROM OpportunityLineItem WHERE OpportunityId = :tmpVar2
10:14:21.0 (13040000)|LIMIT_USAGE|[793]|SOQL|107|100
10:14:21.0 (13049000)|SOQL_EXECUTE_END|[794]|Rows:12
10:14:21.0 (13066000)|DML_BEGIN|[795]|Op:Update|Type:Opportunity|Rows:1
10:14:21.0 (13084000)|LIMIT_USAGE|[796]|DML|55|150
10:14:21.0 (13093000)|DML_END|[797]
10:14:21.0 (13108000)|METHOD_EXIT|[30]|01q8Z00000N0ABC|OpportunityTriggerHandler.processOpportunity(Id)
10:14:21.0 (13124000)|METHOD_ENTRY|[30]|01q8Z00000N0ABC|OpportunityTriggerHandler.processOpportunity(Id)
10:14:21.0 (13142000)|VARIABLE_SCOPE_BEGIN|[800]|oppId|Id|true|false
10:14:21.0 (13155000)|VARIABLE_ASSIGNMENT|[801]|oppId|"0068Z0000A00050QAH"
10:14:21.0 (13171000)|SOQL_EXECUTE_BEGIN|[802]|Aggregations:0|SELECT Id, Name, Tier__c FROM Account WHERE Id = :tmpVar1
10:14:21.0 (13193000)|LIMIT_USAGE|[803]|SOQL|108|100
10:14:21.0 (13201000)|SOQL_EXECUTE_END|[804]|Rows:1
10:14:21.0 (13215000)|SOQL_EXECUTE_BEGIN|[805]|Aggregations:0|SELECT Id, OpportunityId, Quantity, TotalPrice FROM OpportunityLineItem WHERE OpportunityId = :tmpVar2
10:14:21.0 (13245000)|LIMIT_USAGE|[806]|SOQL|109|100
10:14:21.0 (13254000)|SOQL_EXECUTE_END|[807]|Rows:12
10:14:21.0 (13271000)|SOQL_EXECUTE_BEGIN|[808]|Aggregations:0|SELECT Id FROM Product2 WHERE Family = 'Support' AND IsActive = true
10:14:21.0 (13283000)|LIMIT_USAGE|[809]|SOQL|110|100
10:14:21.0 (13290000)|SOQL_EXECUTE_END|[810]|Rows:0
10:14:21.0 (13303000)|USER_DEBUG|[811]|WARN|No active Support products found for upsell recommendation
10:14:21.0 (13312000)|DML_BEGIN|[812]|Op:Update|Type:Opportunity|Rows:1
10:14:21.0 (13330000)|LIMIT_USAGE|[813]|DML|56|150
10:14:21.0 (13339000)|DML_END|[814]
10:14:21.0 (13354000)|METHOD_EXIT|[30]|01q8Z00000N0ABC|OpportunityTriggerHandler.processOpportunity(Id)
10:14:21.0 (13370000)|HEAP_ALLOCATE|[816]|Bytes:2048
10:14:21.0 (13378000)|CUMULATIVE_PROFILING|SOQL operations|110
10:14:21.0 (13386000)|CUMULATIVE_PROFILING|DML operations|56
10:14:21.0 (13394000)|METHOD_ENTRY|[30]|01q8Z00000N0ABC|OpportunityTriggerHandler.processOpportunity(Id)
10:14:21.0 (13412000)|VARIABLE_SCOPE_BEGIN|[818]|oppId|Id|true|false
10:14:21.0 (13425000)|VARIABLE_ASSIGNMENT|[819]|oppId|"0068Z0000A00051QAH"
10:14:21.0 (13441000)|SOQL_EXECUTE_BEGIN|[820]|Aggregations:0|SELECT Id, Name, Tier__c FROM Account WHERE Id = :tmpVar1
10:14:21.0 (13463000)|LIMIT_USAGE|[821]|SOQL|111|100
10:14:21.0 (13471000)|SOQL_EXECUTE_END|[822]|Rows:1
10:14:21.0 (13485000)|SOQL_EXECUTE_BEGIN|[823]|Aggregations:0|SELECT Id, OpportunityId, Quantity, TotalPrice FROM OpportunityLineItem WHERE OpportunityId = :tmpVar2
10:14:21.0 (13515000)|LIMIT_USAGE|[824]|SOQL|112|100
10:14:21.0 (13524000)|SOQL_EXECUTE_END|[825]|Rows:12
10:14:21.0 (13541000)|DML_BEGIN|[826]|Op:Update|Type:Opportunity|Rows:1
10:14:21.0 (13559000)|LIMIT_USAGE|[827]|DML|57|150
10:14:21.0 (13568000)|DML_END|[828]
10:14:21.0 (13583000)|NAMED_CREDENTIAL_REQUEST|Managed|ERP_NC|https://erp.example.com/api/opportunity|POST|
10:14:21.0 (13594000)|CALLOUT_REQUEST|[829]|HttpRequest[Endpoint=https://erp.example.com/api/opportunity, Method=POST]
10:14:21.0 (13629000)|CALLOUT_RESPONSE|[830]|HttpResponse[Status=200, StatusCode=200]
10:14:21.0 (13633000)|NAMED_CREDENTIAL_RESPONSE|Managed|HttpResponse[Status=OK, StatusCode=200]
10:14:21.0 (13642000)|USER_DEBUG|[831]|INFO|ERP sync completed for Opportunity 0068Z0000A00051QAH
10:14:21.0 (13651000)|LIMIT_USAGE|[832]|CALLOUT|17|100
10:14:21.0 (13660000)|METHOD_EXIT|[30]|01q8Z00000N0ABC|OpportunityTriggerHandler.processOpportunity(Id)
10:14:21.0 (13676000)|METHOD_ENTRY|[30]|01q8Z00000N0ABC|OpportunityTriggerHandler.processOpportunity(Id)
10:14:21.0 (13694000)|VARIABLE_SCOPE_BEGIN|[835]|oppId|Id|true|false
10:14:21.0 (13707000)|VARIABLE_ASSIGNMENT|[836]|oppId|"0068Z0000A00052QAH"
10:14:21.0 (13723000)|VARIABLE_SCOPE_BEGIN|[837]|opportunityIds|List<Id>|true|false
10:14:21.0 (13735000)|VARIABLE_ASSIGNMENT|[838]|opportunityIds|["0068Z0000A00052QAH","0018Z0000B00052QAH","0058Z0000C00052QAH"]|0x7abc0052
10:14:21.0 (13751000)|SOQL_EXECUTE_BEGIN|[839]|Aggregations:0|SELECT Id, Name, Tier__c FROM Account WHERE Id = :tmpVar1
10:14:21.0 (13773000)|LIMIT_USAGE|[840]|SOQL|113|100
10:14:21.0 (13781000)|SOQL_EXECUTE_END|[841]|Rows:1
10:14:21.0 (13795000)|SOQL_EXECUTE_BEGIN|[842]|Aggregations:0|SELECT Id, OpportunityId, Quantity, TotalPrice FROM OpportunityLineItem WHERE OpportunityId = :tmpVar2
10:14:21.0 (13825000)|LIMIT_USAGE|[843]|SOQL|114|100
10:14:21.0 (13834000)|SOQL_EXECUTE_END|[844]|Rows:12
10:14:21.0 (13851000)|DML_BEGIN|[845]|Op:Update|Type:Opportunity|Rows:1
10:14:21.0 (13869000)|LIMIT_USAGE|[846]|DML|58|150
10:14:21.0 (13878000)|DML_END|[847]
10:14:21.0 (13893000)|METHOD_EXIT|[30]|01q8Z00000N0ABC|OpportunityTriggerHandler.processOpportunity(Id)
10:14:21.0 (13909000)|METHOD_ENTRY|[30]|01q8Z00000N0ABC|OpportunityTriggerHandler.processOpportunity(Id)
10:14:21.0 (13927000)|VARIABLE_SCOPE_BEGIN|[850]|oppId|Id|true|false
10:14:21.0 (13940000)|VARIABLE_ASSIGNMENT|[851]|oppId|"0068Z0000A00053QAH"
10:14:21.0 (13956000)|SOQL_EXECUTE_BEGIN|[852]|Aggregations:0|SELECT Id, Name, Tier__c FROM Account WHERE Id = :tmpVar1
10:14:21.0 (13978000)|LIMIT_USAGE|[853]|SOQL|115|100
10:14:21.0 (13986000)|SOQL_EXECUTE_END|[854]|Rows:1
10:14:21.0 (14000000)|SOQL_EXECUTE_BEGIN|[855]|Aggregations:0|SELECT Id, OpportunityId, Quantity, TotalPrice FROM OpportunityLineItem WHERE OpportunityId = :tmpVar2
10:14:21.0 (14030000)|LIMIT_USAGE|[856]|SOQL|116|100
10:14:21.0 (14039000)|SOQL_EXECUTE_END|[857]|Rows:12
10:14:21.0 (14056000)|DML_BEGIN|[858]|Op:Update|Type:Opportunity|Rows:1
10:14:21.0 (14074000)|LIMIT_USAGE|[859]|DML|59|150
10:14:21.0 (14083000)|DML_END|[860]
10:14:21.0 (14098000)|METHOD_EXIT|[30]|01q8Z00000N0ABC|OpportunityTriggerHandler.processOpportunity(Id)
10:14:21.0 (14114000)|METHOD_ENTRY|[30]|01q8Z00000N0ABC|OpportunityTriggerHandler.processOpportunity(Id)
10:14:21.0 (14132000)|VARIABLE_SCOPE_BEGIN|[863]|oppId|Id|true|false
10:14:21.0 (14145000)|VARIABLE_ASSIGNMENT|[864]|oppId|"0068Z0000A00054QAH"
10:14:21.0 (14161000)|SOQL_EXECUTE_BEGIN|[865]|Aggregations:0|SELECT Id, Name, Tier__c FROM Account WHERE Id = :tmpVar1
10:14:21.0 (14183000)|LIMIT_USAGE|[866]|SOQL|117|100
10:14:21.0 (14191000)|SOQL_EXECUTE_END|[867]|Rows:1
10:14:21.0 (14205000)|SOQL_EXECUTE_BEGIN|[868]|Aggregations:0|SELECT Id, OpportunityId, Quantity, TotalPrice FROM OpportunityLineItem WHERE OpportunityId = :tmpVar2
10:14:21.0 (14235000)|LIMIT_USAGE|[869]|SOQL|118|100
10:14:21.0 (14244000)|SOQL_EXECUTE_END|[870]|Rows:12
10:14:21.0 (14261000)|DML_BEGIN|[871]|Op:Update|Type:Opportunity|Rows:1
10:14:21.0 (14279000)|LIMIT_USAGE|[872]|DML|60|150
10:14:21.0 (14288000)|DML_END|[873]
10:14:21.0 (14303000)|NAMED_CREDENTIAL_REQUEST|Managed|ERP_NC|https://erp.example.com/api/opportunity|POST|
10:14:21.0 (14314000)|CALLOUT_REQUEST|[874]|HttpRequest[Endpoint=https://erp.example.com/api/opportunity, Method=POST]
10:14:21.0 (14349000)|CALLOUT_RESPONSE|[875]|HttpResponse[Status=200, StatusCode=200]
10:14:21.0 (14353000)|NAMED_CREDENTIAL_RESPONSE|Managed|HttpResponse[Status=OK, StatusCode=200]
10:14:21.0 (14362000)|USER_DEBUG|[876]|INFO|ERP sync completed for Opportunity 0068Z0000A00054QAH
10:14:21.0 (14371000)|LIMIT_USAGE|[877]|CALLOUT|18|100
10:14:21.0 (14380000)|METHOD_EXIT|[30]|01q8Z00000N0ABC|OpportunityTriggerHandler.processOpportunity(Id)
10:14:21.0 (14396000)|METHOD_ENTRY|[30]|01q8Z00000N0ABC|OpportunityTriggerHandler.processOpportunity(Id)
10:14:21.0 (14414000)|VARIABLE_SCOPE_BEGIN|[880]|oppId|Id|true|false
10:14:21.0 (14427000)|VARIABLE_ASSIGNMENT|[881]|oppId|"0068Z0000A00055QAH"
10:14:21.0 (14443000)|SOQL_EXECUTE_BEGIN|[882]|Aggregations:0|SELECT Id, Name, Tier__c FROM Account WHERE Id = :tmpVar1
10:14:21.0 (14465000)|LIMIT_USAGE|[883]|SOQL|119|100
10:14:21.0 (14473000)|SOQL_EXECUTE_END|[884]|Rows:1
10:14:21.0 (14487000)|SOQL_EXECUTE_BEGIN|[885]|Aggregations:0|SELECT Id, OpportunityId, Quantity, TotalPrice FROM OpportunityLineItem WHERE OpportunityId = :tmpVar2
10:14:21.0 (14517000)|LIMIT_USAGE|[886]|SOQL|120|100
10:14:21.0 (14526000)|SOQL_EXECUTE_END|[887]|Rows:12
10:14:21.0 (14543000)|SOQL_EXECUTE_BEGIN|[888]|Aggregations:0|SELECT Id FROM Product2 WHERE Family = 'Support' AND IsActive = true
10:14:21.0 (14555000)|LIMIT_USAGE|[889]|SOQL|121|100
10:14:21.0 (14562000)|SOQL_EXECUTE_END|[890]|Rows:0
10:14:21.0 (14575000)|USER_DEBUG|[891]|WARN|No active Support products found for upsell recommendation
10:14:21.0 (14584000)|DML_BEGIN|[892]|Op:Update|Type:Opportunity|Rows:1
10:14:21.0 (14602000)|LIMIT_USAGE|[893]|DML|61|150
10:14:21.0 (14611000)|DML_END|[894]
10:14:21.0 (14626000)|METHOD_EXIT|[30]|01q8Z00000N0ABC|OpportunityTriggerHandler.processOpportunity(Id)
10:14:21.0 (14642000)|METHOD_ENTRY|[30]|01q8Z00000N0ABC|OpportunityTriggerHandler.processOpportunity(Id)
10:14:21.0 (14660000)|VARIABLE_SCOPE_BEGIN|[897]|oppId|Id|true|false
10:14:21.0 (14673000)|VARIABLE_ASSIGNMENT|[898]|oppId|"0068Z0000A00056QAH"
10:14:21.0 (14689000)|VARIABLE_SCOPE_BEGIN|[899]|opportunityIds|List<Id>|true|false
10:14:21.0 (14701000)|VARIABLE_ASSIGNMENT|[900]|opportunityIds|["0068Z0000A00056QAH","0018Z0000B00056QAH","0058Z0000C00056QAH"]|0x7abc0056
10:14:21.0 (14717000)|SOQL_EXECUTE_BEGIN|[901]|Aggregations:0|SELECT Id, Name, Tier__c FROM Account WHERE Id = :tmpVar1
10:14:21.0 (14739000)|LIMIT_USAGE|[902]|SOQL|122|100
10:14:21.0 (14747000)|SOQL_EXECUTE_END|[903]|Rows:1
10:14:21.0 (14761000)|SOQL_EXECUTE_BEGIN|[904]|Aggregations:0|SELECT Id, OpportunityId, Quantity, TotalPrice FROM OpportunityLineItem WHERE OpportunityId = :tmpVar2
10:14:21.0 (14791000)|LIMIT_USAGE|[905]|SOQL|123|100
10:14:21.0 (14800000)|SOQL_EXECUTE_END|[906]|Rows:12
10:14:21.0 (14817000)|DML_BEGIN|[907]|Op:Update|Type:Opportunity|Rows:1
10:14:21.0 (14835000)|LIMIT_USAGE|[908]|DML|62|150
10:14:21.0 (14844000)|DML_END|[909]
10:14:21.0 (14859000)|FLOW_START_INTERVIEW_BEGIN|3018Z00000FLOWA1|Opportunity_After_Save
10:14:21.0 (14871000)|FLOW_ELEMENT_BEGIN|3018Z00000FLOWA1|DECISION|Route_By_Region
10:14:21.0 (14883000)|FLOW_ELEMENT_END|3018Z00000FLOWA1|DECISION|Route_By_Region
10:14:21.0 (14895000)|FLOW_BULK_ELEMENT_BEGIN|3018Z00000FLOWA1|UPDATE_RECORDS|Update_Owner
10:14:21.0 (14910000)|DML_BEGIN|[EXTERNAL]|Op:Update|Type:Opportunity|Rows:1
10:14:21.0 (14925000)|LIMIT_USAGE|[EXTERNAL]|DML|63|150
10:14:21.0 (14933000)|DML_END|[EXTERNAL]
10:14:21.0 (14945000)|FLOW_BULK_ELEMENT_END|3018Z00000FLOWA1|UPDATE_RECORDS|Update_Owner
10:14:21.0 (14958000)|FLOW_INTERVIEW_FINISHED|3018Z00000FLOWA1|Opportunity_After_Save
10:14:21.0 (14972000)|METHOD_EXIT|[30]|01q8Z00000N0ABC|OpportunityTriggerHandler.processOpportunity(Id)
10:14:21.0 (14988000)|METHOD_ENTRY|[30]|01q8Z00000N0ABC|OpportunityTriggerHandler.processOpportunity(Id)
10:14:21.0 (15006000)|VARIABLE_SCOPE_BEGIN|[912]|oppId|Id|true|false
10:14:21.0 (15019000)|VARIABLE_ASSIGNMENT|[913]|oppId|"0068Z0000A00057QAH"
10:14:21.0 (15035000)|SOQL_EXECUTE_BEGIN|[914]|Aggregations:0|SELECT Id, Name, Tier__c FROM Account WHERE Id = :tmpVar1
10:14:21.0 (15057000)|LIMIT_USAGE|[915]|SOQL|124|100
10:14:21.0 (15065000)|SOQL_EXECUTE_END|[916]|Rows:1
10:14:21.0 (15079000)|SOQL_EXECUTE_BEGIN|[917]|Aggregations:0|SELECT Id, OpportunityId, Quantity, TotalPrice FROM OpportunityLineItem WHERE OpportunityId = :tmpVar2
10:14:21.0 (15109000)|LIMIT_USAGE|[918]|SOQL|125|100
10:14:21.0 (15118000)|SOQL_EXECUTE_END|[919]|Rows:12
10:14:21.0 (15135000)|DML_BEGIN|[920]|Op:Update|Type:Opportunity|Rows:1
10:14:21.0 (15153000)|LIMIT_USAGE|[921]|DML|64|150
10:14:21.0 (15162000)|DML_END|[922]
10:14:21.0 (15177000)|NAMED_CREDENTIAL_REQUEST|Managed|ERP_NC|https://erp.example.com/api/opportunity|POST|
10:14:21.0 (15188000)|CALLOUT_REQUEST|[923]|HttpRequest[Endpoint=https://erp.example.com/api/opportunity, Method=POST]
10:14:21.0 (15223000)|CALLOUT_RESPONSE|[924]|HttpResponse[Status=200, StatusCode=200]
10:14:21.0 (15227000)|NAMED_CREDENTIAL_RESPONSE|Managed|HttpResponse[Status=OK, StatusCode=200]
10:14:21.0 (15236000)|USER_DEBUG|[925]|INFO|ERP sync completed for Opportunity 0068Z0000A00057QAH
10:14:21.0 (15245000)|LIMIT_USAGE|[926]|CALLOUT|19|100
10:14:21.0 (15254000)|METHOD_EXIT|[30]|01q8Z00000N0ABC|OpportunityTriggerHandler.processOpportunity(Id)
10:14:21.0 (15270000)|METHOD_ENTRY|[30]|01q8Z00000N0ABC|OpportunityTriggerHandler.processOpportunity(Id)
10:14:21.0 (15288000)|VARIABLE_SCOPE_BEGIN|[929]|oppId|Id|true|false
10:14:21.0 (15301000)|VARIABLE_ASSIGNMENT|[930]|oppId|"0068Z0000A00058QAH"
10:14:21.0 (15317000)|SOQL_EXECUTE_BEGIN|[931]|Aggregations:0|SELECT Id, Name, Tier__c FROM Account WHERE Id = :tmpVar1
10:14:21.0 (15339000)|LIMIT_USAGE|[932]|SOQL|126|100
10:14:21.0 (15347000)|SOQL_EXECUTE_END|[933]|Rows:1
10:14:21.0 (15361000)|SOQL_EXECUTE_BEGIN|[934]|Aggregations:0|SELECT Id, OpportunityId, Quantity, TotalPrice FROM OpportunityLineItem WHERE OpportunityId = :tmpVar2
10:14:21.0 (15391000)|LIMIT_USAGE|[935]|SOQL|127|100
10:14:21.0 (15400000)|SOQL_EXECUTE_END|[936]|Rows:12
10:14:21.0 (15417000)|DML_BEGIN|[937]|Op:Update|Type:Opportunity|Rows:1
10:14:21.0 (15435000)|LIMIT_USAGE|[938]|DML|65|150
10:14:21.0 (15444000)|DML_END|[939]
10:14:21.0 (15459000)|METHOD_EXIT|[30]|01q8Z00000N0ABC|OpportunityTriggerHandler.processOpportunity(Id)
10:14:21.0 (15475000)|METHOD_ENTRY|[30]|01q8Z00000N0ABC|OpportunityTriggerHandler.processOpportunity(Id)
10:14:21.0 (15493000)|VARIABLE_SCOPE_BEGIN|[942]|oppId|Id|true|false
10:14:21.0 (15506000)|VARIABLE_ASSIGNMENT|[943]|oppId|"0068Z0000A00059QAH"
10:14:21.0 (15522000)|SOQL_EXECUTE_BEGIN|[944]|Aggregations:0|SELECT Id, Name, Tier__c FROM Account WHERE Id = :tmpVar1
10:14:21.0 (15544000)|LIMIT_USAGE|[945]|SOQL|128|100
10:14:21.0 (15552000)|SOQL_EXECUTE_END|[946]|Rows:1
10:14:21.0 (15566000)|SOQL_EXECUTE_BEGIN|[947]|Aggregations:0|SELECT Id, OpportunityId, Quantity, TotalPrice FROM OpportunityLineItem WHERE OpportunityId = :tmpVar2
10:14:21.0 (15596000)|LIMIT_USAGE|[948]|SOQL|129|100
10:14:21.0 (15605000)|SOQL_EXECUTE_END|[949]|Rows:12
10:14:21.0 (15622000)|DML_BEGIN|[950]|Op:Update|Type:Opportunity|Rows:1
10:14:21.0 (15640000)|LIMIT_USAGE|[951]|DML|66|150
10:14:21.0 (15649000)|DML_END|[952]
10:14:21.0 (15664000)|METHOD_EXIT|[30]|01q8Z00000N0ABC|OpportunityTriggerHandler.processOpportunity(Id)
10:14:21.0 (15680000)|METHOD_ENTRY|[30]|01q8Z00000N0ABC|OpportunityTriggerHandler.processOpportunity(Id)
10:14:21.0 (15698000)|VARIABLE_SCOPE_BEGIN|[955]|oppId|Id|true|false
10:14:21.0 (15711000)|VARIABLE_ASSIGNMENT|[956]|oppId|"0068Z0000A00060QAH"
10:14:21.0 (15727000)|VARIABLE_SCOPE_BEGIN|[957]|opportunityIds|List<Id>|true|false
10:14:21.0 (15739000)|VARIABLE_ASSIGNMENT|[958]|opportunityIds|["0068Z0000A00060QAH","0018Z0000B00060QAH","0058Z0000C00060QAH"]|0x7abc0060
10:14:21.0 (15755000)|SOQL_EXECUTE_BEGIN|[959]|Aggregations:0|SELECT Id, Name, Tier__c FROM Account WHERE Id = :tmpVar1
10:14:21.0 (15777000)|LIMIT_USAGE|[960]|SOQL|130|100
10:14:21.0 (15785000)|SOQL_EXECUTE_END|[961]|Rows:1
10:14:21.0 (15799000)|SOQL_EXECUTE_BEGIN|[962]|Aggregations:0|SELECT Id, OpportunityId, Quantity, TotalPrice FROM OpportunityLineItem WHERE OpportunityId = :tmpVar2
10:14:21.0 (15829000)|LIMIT_USAGE|[963]|SOQL|131|100
10:14:21.0 (15838000)|SOQL_EXECUTE_END|[964]|Rows:12
10:14:21.0 (15855000)|SOQL_EXECUTE_BEGIN|[965]|Aggregations:0|SELECT Id FROM Product2 WHERE Family = 'Support' AND IsActive = true
10:14:21.0 (15867000)|LIMIT_USAGE|[966]|SOQL|132|100
10:14:21.0 (15874000)|SOQL_EXECUTE_END|[967]|Rows:0
10:14:21.0 (15887000)|USER_DEBUG|[968]|WARN|No active Support products found for upsell recommendation
10:14:21.0 (15896000)|DML_BEGIN|[969]|Op:Update|Type:Opportunity|Rows:1
10:14:21.0 (15914000)|LIMIT_USAGE|[970]|DML|67|150
10:14:21.0 (15923000)|DML_END|[971]
10:14:21.0 (15938000)|NAMED_CREDENTIAL_REQUEST|Managed|ERP_NC|https://erp.example.com/api/opportunity|POST|
10:14:21.0 (15949000)|CALLOUT_REQUEST|[972]|HttpRequest[Endpoint=https://erp.example.com/api/opportunity, Method=POST]
10:14:21.0 (15984000)|CALLOUT_RESPONSE|[973]|HttpResponse[Status=500, StatusCode=500]
10:14:21.0 (15988000)|NAMED_CREDENTIAL_RESPONSE|Managed|HttpResponse[Status=Read timed out, StatusCode=500]
10:14:21.0 (15997000)|EXCEPTION_THROWN|[974]|System.CalloutException: Read timed out
10:14:21.0 (16012000)|USER_DEBUG|[975]|ERROR|Timeout from downstream pricing engine; using cached quote values
10:14:21.0 (16023000)|LIMIT_USAGE|[976]|CALLOUT|20|100
10:14:21.0 (16032000)|METHOD_EXIT|[30]|01q8Z00000N0ABC|OpportunityTriggerHandler.processOpportunity(Id)
10:14:21.0 (16048000)|HEAP_ALLOCATE|[978]|Bytes:2048
10:14:21.0 (16056000)|CUMULATIVE_PROFILING|SOQL operations|132
10:14:21.0 (16064000)|CUMULATIVE_PROFILING|DML operations|67
10:14:21.0 (16072000)|METHOD_ENTRY|[30]|01q8Z00000N0ABC|OpportunityTriggerHandler.processOpportunity(Id)
10:14:21.0 (16090000)|VARIABLE_SCOPE_BEGIN|[980]|oppId|Id|true|false
10:14:21.0 (16103000)|VARIABLE_ASSIGNMENT|[981]|oppId|"0068Z0000A00061QAH"
10:14:21.0 (16119000)|SOQL_EXECUTE_BEGIN|[982]|Aggregations:0|SELECT Id, Name, Tier__c FROM Account WHERE Id = :tmpVar1
10:14:21.0 (16141000)|LIMIT_USAGE|[983]|SOQL|133|100
10:14:21.0 (16149000)|SOQL_EXECUTE_END|[984]|Rows:1
10:14:21.0 (16163000)|SOQL_EXECUTE_BEGIN|[985]|Aggregations:0|SELECT Id, OpportunityId, Quantity, TotalPrice FROM OpportunityLineItem WHERE OpportunityId = :tmpVar2
10:14:21.0 (16193000)|LIMIT_USAGE|[986]|SOQL|134|100
10:14:21.0 (16202000)|SOQL_EXECUTE_END|[987]|Rows:12
10:14:21.0 (16219000)|DML_BEGIN|[988]|Op:Update|Type:Opportunity|Rows:1
10:14:21.0 (16237000)|LIMIT_USAGE|[989]|DML|68|150
10:14:21.0 (16246000)|DML_END|[990]
10:14:21.0 (16261000)|METHOD_EXIT|[30]|01q8Z00000N0ABC|OpportunityTriggerHandler.processOpportunity(Id)
10:14:21.0 (16277000)|METHOD_ENTRY|[30]|01q8Z00000N0ABC|OpportunityTriggerHandler.processOpportunity(Id)
10:14:21.0 (16295000)|VARIABLE_SCOPE_BEGIN|[993]|oppId|Id|true|false
10:14:21.0 (16308000)|VARIABLE_ASSIGNMENT|[994]|oppId|"0068Z0000A00062QAH"
10:14:21.0 (16324000)|SOQL_EXECUTE_BEGIN|[995]|Aggregations:0|SELECT Id, Name, Tier__c FROM Account WHERE Id = :tmpVar1
10:14:21.0 (16346000)|LIMIT_USAGE|[996]|SOQL|135|100
10:14:21.0 (16354000)|SOQL_EXECUTE_END|[997]|Rows:1
10:14:21.0 (16368000)|SOQL_EXECUTE_BEGIN|[998]|Aggregations:0|SELECT Id, OpportunityId, Quantity, TotalPrice FROM OpportunityLineItem WHERE OpportunityId = :tmpVar2
10:14:21.0 (16398000)|LIMIT_USAGE|[999]|SOQL|136|100
10:14:21.0 (16407000)|SOQL_EXECUTE_END|[1000]|Rows:12
10:14:21.0 (16424000)|DML_BEGIN|[1001]|Op:Update|Type:Opportunity|Rows:1
10:14:21.0 (16442000)|LIMIT_USAGE|[1002]|DML|69|150
10:14:21.0 (16451000)|DML_END|[1003]
10:14:21.0 (16466000)|METHOD_EXIT|[30]|01q8Z00000N0ABC|OpportunityTriggerHandler.processOpportunity(Id)
10:14:21.0 (16482000)|METHOD_ENTRY|[30]|01q8Z00000N0ABC|OpportunityTriggerHandler.processOpportunity(Id)
10:14:21.0 (16500000)|VARIABLE_SCOPE_BEGIN|[1006]|oppId|Id|true|false
10:14:21.0 (16513000)|VARIABLE_ASSIGNMENT|[1007]|oppId|"0068Z0000A00063QAH"
10:14:21.0 (16529000)|SOQL_EXECUTE_BEGIN|[1008]|Aggregations:0|SELECT Id, Name, Tier__c FROM Account WHERE Id = :tmpVar1
10:14:21.0 (16551000)|LIMIT_USAGE|[1009]|SOQL|137|100
10:14:21.0 (16559000)|SOQL_EXECUTE_END|[1010]|Rows:1
10:14:21.0 (16573000)|SOQL_EXECUTE_BEGIN|[1011]|Aggregations:0|SELECT Id, OpportunityId, Quantity, TotalPrice FROM OpportunityLineItem WHERE OpportunityId = :tmpVar2
10:14:21.0 (16603000)|LIMIT_USAGE|[1012]|SOQL|138|100
10:14:21.0 (16612000)|SOQL_EXECUTE_END|[1013]|Rows:12
10:14:21.0 (16629000)|DML_BEGIN|[1014]|Op:Update|Type:Opportunity|Rows:1
10:14:21.0 (16647000)|LIMIT_USAGE|[1015]|DML|70|150
10:14:21.0 (16656000)|DML_END|[1016]
10:14:21.0 (16671000)|NAMED_CREDENTIAL_REQUEST|Managed|ERP_NC|https://erp.example.com/api/opportunity|POST|
10:14:21.0 (16682000)|CALLOUT_REQUEST|[1017]|HttpRequest[Endpoint=https://erp.example.com/api/opportunity, Method=POST]
10:14:21.0 (16717000)|CALLOUT_RESPONSE|[1018]|HttpResponse[Status=200, StatusCode=200]
10:14:21.0 (16721000)|NAMED_CREDENTIAL_RESPONSE|Managed|HttpResponse[Status=OK, StatusCode=200]
10:14:21.0 (16730000)|USER_DEBUG|[1019]|INFO|ERP sync completed for Opportunity 0068Z0000A00063QAH
10:14:21.0 (16739000)|LIMIT_USAGE|[1020]|CALLOUT|21|100
10:14:21.0 (16748000)|METHOD_EXIT|[30]|01q8Z00000N0ABC|OpportunityTriggerHandler.processOpportunity(Id)
10:14:21.0 (16764000)|METHOD_ENTRY|[30]|01q8Z00000N0ABC|OpportunityTriggerHandler.processOpportunity(Id)
10:14:21.0 (16782000)|VARIABLE_SCOPE_BEGIN|[1023]|oppId|Id|true|false
10:14:21.0 (16795000)|VARIABLE_ASSIGNMENT|[1024]|oppId|"0068Z0000A00064QAH"
10:14:21.0 (16811000)|VARIABLE_SCOPE_BEGIN|[1025]|opportunityIds|List<Id>|true|false
10:14:21.0 (16823000)|VARIABLE_ASSIGNMENT|[1026]|opportunityIds|["0068Z0000A00064QAH","0018Z0000B00064QAH","0058Z0000C00064QAH"]|0x7abc0064
10:14:21.0 (16839000)|SOQL_EXECUTE_BEGIN|[1027]|Aggregations:0|SELECT Id, Name, Tier__c FROM Account WHERE Id = :tmpVar1
10:14:21.0 (16861000)|LIMIT_USAGE|[1028]|SOQL|139|100
10:14:21.0 (16869000)|SOQL_EXECUTE_END|[1029]|Rows:1
10:14:21.0 (16883000)|SOQL_EXECUTE_BEGIN|[1030]|Aggregations:0|SELECT Id, OpportunityId, Quantity, TotalPrice FROM OpportunityLineItem WHERE OpportunityId = :tmpVar2
10:14:21.0 (16913000)|LIMIT_USAGE|[1031]|SOQL|140|100
10:14:21.0 (16922000)|SOQL_EXECUTE_END|[1032]|Rows:12
10:14:21.0 (16939000)|DML_BEGIN|[1033]|Op:Update|Type:Opportunity|Rows:1
10:14:21.0 (16957000)|LIMIT_USAGE|[1034]|DML|71|150
10:14:21.0 (16966000)|DML_END|[1035]
10:14:21.0 (16981000)|FLOW_START_INTERVIEW_BEGIN|3018Z00000FLOWA1|Opportunity_After_Save
10:14:21.0 (16993000)|FLOW_ELEMENT_BEGIN|3018Z00000FLOWA1|DECISION|Route_By_Region
10:14:21.0 (17005000)|FLOW_ELEMENT_END|3018Z00000FLOWA1|DECISION|Route_By_Region
10:14:21.0 (17017000)|FLOW_BULK_ELEMENT_BEGIN|3018Z00000FLOWA1|UPDATE_RECORDS|Update_Owner
10:14:21.0 (17032000)|DML_BEGIN|[EXTERNAL]|Op:Update|Type:Opportunity|Rows:1
10:14:21.0 (17047000)|LIMIT_USAGE|[EXTERNAL]|DML|72|150
10:14:21.0 (17055000)|DML_END|[EXTERNAL]
10:14:21.0 (17067000)|FLOW_BULK_ELEMENT_END|3018Z00000FLOWA1|UPDATE_RECORDS|Update_Owner
10:14:21.0 (17080000)|FLOW_INTERVIEW_FINISHED|3018Z00000FLOWA1|Opportunity_After_Save
10:14:21.0 (17094000)|METHOD_EXIT|[30]|01q8Z00000N0ABC|OpportunityTriggerHandler.processOpportunity(Id)
10:14:21.0 (17110000)|METHOD_ENTRY|[30]|01q8Z00000N0ABC|OpportunityTriggerHandler.processOpportunity(Id)
10:14:21.0 (17128000)|VARIABLE_SCOPE_BEGIN|[1038]|oppId|Id|true|false
10:14:21.0 (17141000)|VARIABLE_ASSIGNMENT|[1039]|oppId|"0068Z0000A00065QAH"
10:14:21.0 (17157000)|SOQL_EXECUTE_BEGIN|[1040]|Aggregations:0|SELECT Id, Name, Tier__c FROM Account WHERE Id = :tmpVar1
10:14:21.0 (17179000)|LIMIT_USAGE|[1041]|SOQL|141|100
10:14:21.0 (17187000)|SOQL_EXECUTE_END|[1042]|Rows:1
10:14:21.0 (17201000)|SOQL_EXECUTE_BEGIN|[1043]|Aggregations:0|SELECT Id, OpportunityId, Quantity, TotalPrice FROM OpportunityLineItem WHERE OpportunityId = :tmpVar2
10:14:21.0 (17231000)|LIMIT_USAGE|[1044]|SOQL|142|100
10:14:21.0 (17240000)|SOQL_EXECUTE_END|[1045]|Rows:12
10:14:21.0 (17257000)|SOQL_EXECUTE_BEGIN|[1046]|Aggregations:0|SELECT Id FROM Product2 WHERE Family = 'Support' AND IsActive = true
10:14:21.0 (17269000)|LIMIT_USAGE|[1047]|SOQL|143|100
10:14:21.0 (17276000)|SOQL_EXECUTE_END|[1048]|Rows:0
10:14:21.0 (17289000)|USER_DEBUG|[1049]|WARN|No active Support products found for upsell recommendation
10:14:21.0 (17298000)|DML_BEGIN|[1050]|Op:Update|Type:Opportunity|Rows:1
10:14:21.0 (17316000)|LIMIT_USAGE|[1051]|DML|73|150
10:14:21.0 (17325000)|DML_END|[1052]
10:14:21.0 (17340000)|METHOD_EXIT|[30]|01q8Z00000N0ABC|OpportunityTriggerHandler.processOpportunity(Id)
10:14:21.0 (17356000)|METHOD_ENTRY|[30]|01q8Z00000N0ABC|OpportunityTriggerHandler.processOpportunity(Id)
10:14:21.0 (17374000)|VARIABLE_SCOPE_BEGIN|[1055]|oppId|Id|true|false
10:14:21.0 (17387000)|VARIABLE_ASSIGNMENT|[1056]|oppId|"0068Z0000A00066QAH"
10:14:21.0 (17403000)|SOQL_EXECUTE_BEGIN|[1057]|Aggregations:0|SELECT Id, Name, Tier__c FROM Account WHERE Id = :tmpVar1
10:14:21.0 (17425000)|LIMIT_USAGE|[1058]|SOQL|144|100
10:14:21.0 (17433000)|SOQL_EXECUTE_END|[1059]|Rows:1
10:14:21.0 (17447000)|SOQL_EXECUTE_BEGIN|[1060]|Aggregations:0|SELECT Id, OpportunityId, Quantity, TotalPrice FROM OpportunityLineItem WHERE OpportunityId = :tmpVar2
10:14:21.0 (17477000)|LIMIT_USAGE|[1061]|SOQL|145|100
10:14:21.0 (17486000)|SOQL_EXECUTE_END|[1062]|Rows:12
10:14:21.0 (17503000)|DML_BEGIN|[1063]|Op:Update|Type:Opportunity|Rows:1
10:14:21.0 (17521000)|LIMIT_USAGE|[1064]|DML|74|150
10:14:21.0 (17530000)|DML_END|[1065]
10:14:21.0 (17545000)|NAMED_CREDENTIAL_REQUEST|Managed|ERP_NC|https://erp.example.com/api/opportunity|POST|
10:14:21.0 (17556000)|CALLOUT_REQUEST|[1066]|HttpRequest[Endpoint=https://erp.example.com/api/opportunity, Method=POST]
10:14:21.0 (17591000)|CALLOUT_RESPONSE|[1067]|HttpResponse[Status=200, StatusCode=200]
10:14:21.0 (17595000)|NAMED_CREDENTIAL_RESPONSE|Managed|HttpResponse[Status=OK, StatusCode=200]
10:14:21.0 (17604000)|USER_DEBUG|[1068]|INFO|ERP sync completed for Opportunity 0068Z0000A00066QAH
10:14:21.0 (17613000)|LIMIT_USAGE|[1069]|CALLOUT|22|100
10:14:21.0 (17622000)|METHOD_EXIT|[30]|01q8Z00000N0ABC|OpportunityTriggerHandler.processOpportunity(Id)
10:14:21.0 (17638000)|METHOD_ENTRY|[30]|01q8Z00000N0ABC|OpportunityTriggerHandler.processOpportunity(Id)
10:14:21.0 (17656000)|VARIABLE_SCOPE_BEGIN|[1072]|oppId|Id|true|false
10:14:21.0 (17669000)|VARIABLE_ASSIGNMENT|[1073]|oppId|"0068Z0000A00067QAH"
10:14:21.0 (17685000)|SOQL_EXECUTE_BEGIN|[1074]|Aggregations:0|SELECT Id, Name, Tier__c FROM Account WHERE Id = :tmpVar1
10:14:21.0 (17707000)|LIMIT_USAGE|[1075]|SOQL|146|100
10:14:21.0 (17715000)|SOQL_EXECUTE_END|[1076]|Rows:1
10:14:21.0 (17729000)|SOQL_EXECUTE_BEGIN|[1077]|Aggregations:0|SELECT Id, OpportunityId, Quantity, TotalPrice FROM OpportunityLineItem WHERE OpportunityId = :tmpVar2
10:14:21.0 (17759000)|LIMIT_USAGE|[1078]|SOQL|147|100
10:14:21.0 (17768000)|SOQL_EXECUTE_END|[1079]|Rows:12
10:14:21.0 (17785000)|DML_BEGIN|[1080]|Op:Update|Type:Opportunity|Rows:1
10:14:21.0 (17803000)|LIMIT_USAGE|[1081]|DML|75|150
10:14:21.0 (17812000)|DML_END|[1082]
10:14:21.0 (17827000)|METHOD_EXIT|[30]|01q8Z00000N0ABC|OpportunityTriggerHandler.processOpportunity(Id)
10:14:21.0 (17843000)|METHOD_ENTRY|[30]|01q8Z00000N0ABC|OpportunityTriggerHandler.processOpportunity(Id)
10:14:21.0 (17861000)|VARIABLE_SCOPE_BEGIN|[1085]|oppId|Id|true|false
10:14:21.0 (17874000)|VARIABLE_ASSIGNMENT|[1086]|oppId|"0068Z0000A00068QAH"
10:14:21.0 (17890000)|VARIABLE_SCOPE_BEGIN|[1087]|opportunityIds|List<Id>|true|false
10:14:21.0 (17902000)|VARIABLE_ASSIGNMENT|[1088]|opportunityIds|["0068Z0000A00068QAH","0018Z0000B00068QAH","0058Z0000C00068QAH"]|0x7abc0068
10:14:21.0 (17918000)|SOQL_EXECUTE_BEGIN|[1089]|Aggregations:0|SELECT Id, Name, Tier__c FROM Account WHERE Id = :tmpVar1
10:14:21.0 (17940000)|LIMIT_USAGE|[1090]|SOQL|148|100
10:14:21.0 (17948000)|SOQL_EXECUTE_END|[1091]|Rows:1
10:14:21.0 (17962000)|SOQL_EXECUTE_BEGIN|[1092]|Aggregations:0|SELECT Id, OpportunityId, Quantity, TotalPrice FROM OpportunityLineItem WHERE OpportunityId = :tmpVar2
10:14:21.0 (17992000)|LIMIT_USAGE|[1093]|SOQL|149|100
10:14:21.0 (18001000)|SOQL_EXECUTE_END|[1094]|Rows:12
10:14:21.0 (18018000)|DML_BEGIN|[1095]|Op:Update|Type:Opportunity|Rows:1
10:14:21.0 (18036000)|LIMIT_USAGE|[1096]|DML|76|150
10:14:21.0 (18045000)|DML_END|[1097]
10:14:21.0 (18060000)|METHOD_EXIT|[30]|01q8Z00000N0ABC|OpportunityTriggerHandler.processOpportunity(Id)
10:14:21.0 (18076000)|METHOD_ENTRY|[30]|01q8Z00000N0ABC|OpportunityTriggerHandler.processOpportunity(Id)
10:14:21.0 (18094000)|VARIABLE_SCOPE_BEGIN|[1100]|oppId|Id|true|false
10:14:21.0 (18107000)|VARIABLE_ASSIGNMENT|[1101]|oppId|"0068Z0000A00069QAH"
10:14:21.0 (18123000)|SOQL_EXECUTE_BEGIN|[1102]|Aggregations:0|SELECT Id, Name, Tier__c FROM Account WHERE Id = :tmpVar1
10:14:21.0 (18145000)|LIMIT_USAGE|[1103]|SOQL|150|100
10:14:21.0 (18153000)|SOQL_EXECUTE_END|[1104]|Rows:1
10:14:21.0 (18167000)|SOQL_EXECUTE_BEGIN|[1105]|Aggregations:0|SELECT Id, OpportunityId, Quantity, TotalPrice FROM OpportunityLineItem WHERE OpportunityId = :tmpVar2
10:14:21.0 (18197000)|LIMIT_USAGE|[1106]|SOQL|151|100
10:14:21.0 (18206000)|SOQL_EXECUTE_END|[1107]|Rows:12
10:14:21.0 (18223000)|DML_BEGIN|[1108]|Op:Update|Type:Opportunity|Rows:1
10:14:21.0 (18241000)|LIMIT_USAGE|[1109]|DML|77|150
10:14:21.0 (18250000)|DML_END|[1110]
10:14:21.0 (18265000)|NAMED_CREDENTIAL_REQUEST|Managed|ERP_NC|https://erp.example.com/api/opportunity|POST|
10:14:21.0 (18276000)|CALLOUT_REQUEST|[1111]|HttpRequest[Endpoint=https://erp.example.com/api/opportunity, Method=POST]
10:14:21.0 (18311000)|CALLOUT_RESPONSE|[1112]|HttpResponse[Status=200, StatusCode=200]
10:14:21.0 (18315000)|NAMED_CREDENTIAL_RESPONSE|Managed|HttpResponse[Status=OK, StatusCode=200]
10:14:21.0 (18324000)|USER_DEBUG|[1113]|INFO|ERP sync completed for Opportunity 0068Z0000A00069QAH
10:14:21.0 (18333000)|LIMIT_USAGE|[1114]|CALLOUT|23|100
10:14:21.0 (18342000)|METHOD_EXIT|[30]|01q8Z00000N0ABC|OpportunityTriggerHandler.processOpportunity(Id)
10:14:21.0 (18358000)|METHOD_ENTRY|[30]|01q8Z00000N0ABC|OpportunityTriggerHandler.processOpportunity(Id)
10:14:21.0 (18376000)|VARIABLE_SCOPE_BEGIN|[1117]|oppId|Id|true|false
10:14:21.0 (18389000)|VARIABLE_ASSIGNMENT|[1118]|oppId|"0068Z0000A00070QAH"
10:14:21.0 (18405000)|SOQL_EXECUTE_BEGIN|[1119]|Aggregations:0|SELECT Id, Name, Tier__c FROM Account WHERE Id = :tmpVar1
10:14:21.0 (18427000)|LIMIT_USAGE|[1120]|SOQL|152|100
10:14:21.0 (18435000)|SOQL_EXECUTE_END|[1121]|Rows:1
10:14:21.0 (18449000)|SOQL_EXECUTE_BEGIN|[1122]|Aggregations:0|SELECT Id, OpportunityId, Quantity, TotalPrice FROM OpportunityLineItem WHERE OpportunityId = :tmpVar2
10:14:21.0 (18479000)|LIMIT_USAGE|[1123]|SOQL|153|100
10:14:21.0 (18488000)|SOQL_EXECUTE_END|[1124]|Rows:12
10:14:21.0 (18505000)|SOQL_EXECUTE_BEGIN|[1125]|Aggregations:0|SELECT Id FROM Product2 WHERE Family = 'Support' AND IsActive = true
10:14:21.0 (18517000)|LIMIT_USAGE|[1126]|SOQL|154|100
10:14:21.0 (18524000)|SOQL_EXECUTE_END|[1127]|Rows:0
10:14:21.0 (18537000)|USER_DEBUG|[1128]|WARN|No active Support products found for upsell recommendation
10:14:21.0 (18546000)|DML_BEGIN|[1129]|Op:Update|Type:Opportunity|Rows:1
10:14:21.0 (18564000)|LIMIT_USAGE|[1130]|DML|78|150
10:14:21.0 (18573000)|DML_END|[1131]
10:14:21.0 (18588000)|METHOD_EXIT|[30]|01q8Z00000N0ABC|OpportunityTriggerHandler.processOpportunity(Id)
10:14:21.0 (18604000)|HEAP_ALLOCATE|[1133]|Bytes:2048
10:14:21.0 (18612000)|CUMULATIVE_PROFILING|SOQL operations|154
10:14:21.0 (18620000)|CUMULATIVE_PROFILING|DML operations|78
10:14:21.0 (18628000)|METHOD_ENTRY|[30]|01q8Z00000N0ABC|OpportunityTriggerHandler.processOpportunity(Id)
10:14:21.0 (18646000)|VARIABLE_SCOPE_BEGIN|[1135]|oppId|Id|true|false
10:14:21.0 (18659000)|VARIABLE_ASSIGNMENT|[1136]|oppId|"0068Z0000A00071QAH"
10:14:21.0 (18675000)|SOQL_EXECUTE_BEGIN|[1137]|Aggregations:0|SELECT Id, Name, Tier__c FROM Account WHERE Id = :tmpVar1
10:14:21.0 (18697000)|LIMIT_USAGE|[1138]|SOQL|155|100
10:14:21.0 (18705000)|SOQL_EXECUTE_END|[1139]|Rows:1
10:14:21.0 (18719000)|SOQL_EXECUTE_BEGIN|[1140]|Aggregations:0|SELECT Id, OpportunityId, Quantity, TotalPrice FROM OpportunityLineItem WHERE OpportunityId = :tmpVar2
10:14:21.0 (18749000)|LIMIT_USAGE|[1141]|SOQL|156|100
10:14:21.0 (18758000)|SOQL_EXECUTE_END|[1142]|Rows:12
10:14:21.0 (18775000)|DML_BEGIN|[1143]|Op:Update|Type:Opportunity|Rows:1
10:14:21.0 (18793000)|LIMIT_USAGE|[1144]|DML|79|150
10:14:21.0 (18802000)|DML_END|[1145]
10:14:21.0 (18817000)|METHOD_EXIT|[30]|01q8Z00000N0ABC|OpportunityTriggerHandler.processOpportunity(Id)
10:14:21.0 (18833000)|METHOD_ENTRY|[30]|01q8Z00000N0ABC|OpportunityTriggerHandler.processOpportunity(Id)
10:14:21.0 (18851000)|VARIABLE_SCOPE_BEGIN|[1148]|oppId|Id|true|false
10:14:21.0 (18864000)|VARIABLE_ASSIGNMENT|[1149]|oppId|"0068Z0000A00072QAH"
10:14:21.0 (18880000)|VARIABLE_SCOPE_BEGIN|[1150]|opportunityIds|List<Id>|true|false
10:14:21.0 (18892000)|VARIABLE_ASSIGNMENT|[1151]|opportunityIds|["0068Z0000A00072QAH","0018Z0000B00072QAH","0058Z0000C00072QAH"]|0x7abc0072
10:14:21.0 (18908000)|SOQL_EXECUTE_BEGIN|[1152]|Aggregations:0|SELECT Id, Name, Tier__c FROM Account WHERE Id = :tmpVar1
10:14:21.0 (18930000)|LIMIT_USAGE|[1153]|SOQL|157|100
10:14:21.0 (18938000)|SOQL_EXECUTE_END|[1154]|Rows:1
10:14:21.0 (18952000)|SOQL_EXECUTE_BEGIN|[1155]|Aggregations:0|SELECT Id, OpportunityId, Quantity, TotalPrice FROM OpportunityLineItem WHERE OpportunityId = :tmpVar2
10:14:21.0 (18982000)|LIMIT_USAGE|[1156]|SOQL|158|100
10:14:21.0 (18991000)|SOQL_EXECUTE_END|[1157]|Rows:12
10:14:21.0 (19008000)|DML_BEGIN|[1158]|Op:Update|Type:Opportunity|Rows:1
10:14:21.0 (19026000)|LIMIT_USAGE|[1159]|DML|80|150
10:14:21.0 (19035000)|DML_END|[1160]
10:14:21.0 (19050000)|NAMED_CREDENTIAL_REQUEST|Managed|ERP_NC|https://erp.example.com/api/opportunity|POST|
10:14:21.0 (19061000)|CALLOUT_REQUEST|[1161]|HttpRequest[Endpoint=https://erp.example.com/api/opportunity, Method=POST]
10:14:21.0 (19096000)|CALLOUT_RESPONSE|[1162]|HttpResponse[Status=500, StatusCode=500]
10:14:21.0 (19100000)|NAMED_CREDENTIAL_RESPONSE|Managed|HttpResponse[Status=Read timed out, StatusCode=500]
10:14:21.0 (19109000)|EXCEPTION_THROWN|[1163]|System.CalloutException: Read timed out
10:14:21.0 (19124000)|USER_DEBUG|[1164]|ERROR|Timeout from downstream pricing engine; using cached quote values
10:14:21.0 (19135000)|LIMIT_USAGE|[1165]|CALLOUT|24|100
10:14:21.0 (19144000)|FLOW_START_INTERVIEW_BEGIN|3018Z00000FLOWA1|Opportunity_After_Save
10:14:21.0 (19156000)|FLOW_ELEMENT_BEGIN|3018Z00000FLOWA1|DECISION|Route_By_Region
10:14:21.0 (19168000)|FLOW_ELEMENT_END|3018Z00000FLOWA1|DECISION|Route_By_Region
10:14:21.0 (19180000)|FLOW_BULK_ELEMENT_BEGIN|3018Z00000FLOWA1|UPDATE_RECORDS|Update_Owner
10:14:21.0 (19195000)|DML_BEGIN|[EXTERNAL]|Op:Update|Type:Opportunity|Rows:1
10:14:21.0 (19210000)|LIMIT_USAGE|[EXTERNAL]|DML|81|150
10:14:21.0 (19218000)|DML_END|[EXTERNAL]
10:14:21.0 (19230000)|FLOW_BULK_ELEMENT_END|3018Z00000FLOWA1|UPDATE_RECORDS|Update_Owner
10:14:21.0 (19243000)|FLOW_INTERVIEW_FINISHED|3018Z00000FLOWA1|Opportunity_After_Save
10:14:21.0 (19257000)|METHOD_EXIT|[30]|01q8Z00000N0ABC|OpportunityTriggerHandler.processOpportunity(Id)
10:14:21.0 (19273000)|METHOD_ENTRY|[30]|01q8Z00000N0ABC|OpportunityTriggerHandler.processOpportunity(Id)
10:14:21.0 (19291000)|VARIABLE_SCOPE_BEGIN|[1168]|oppId|Id|true|false
10:14:21.0 (19304000)|VARIABLE_ASSIGNMENT|[1169]|oppId|"0068Z0000A00073QAH"
10:14:21.0 (19320000)|SOQL_EXECUTE_BEGIN|[1170]|Aggregations:0|SELECT Id, Name, Tier__c FROM Account WHERE Id = :tmpVar1
10:14:21.0 (19342000)|LIMIT_USAGE|[1171]|SOQL|159|100
10:14:21.0 (19350000)|SOQL_EXECUTE_END|[1172]|Rows:1
10:14:21.0 (19364000)|SOQL_EXECUTE_BEGIN|[1173]|Aggregations:0|SELECT Id, OpportunityId, Quantity, TotalPrice FROM OpportunityLineItem WHERE OpportunityId = :tmpVar2
10:14:21.0 (19394000)|LIMIT_USAGE|[1174]|SOQL|160|100
10:14:21.0 (19403000)|SOQL_EXECUTE_END|[1175]|Rows:12
10:14:21.0 (19420000)|DML_BEGIN|[1176]|Op:Update|Type:Opportunity|Rows:1
10:14:21.0 (19438000)|LIMIT_USAGE|[1177]|DML|82|150
10:14:21.0 (19447000)|DML_END|[1178]
10:14:21.0 (19462000)|METHOD_EXIT|[30]|01q8Z00000N0ABC|OpportunityTriggerHandler.processOpportunity(Id)
10:14:21.0 (19478000)|METHOD_ENTRY|[30]|01q8Z00000N0ABC|OpportunityTriggerHandler.processOpportunity(Id)
10:14:21.0 (19496000)|VARIABLE_SCOPE_BEGIN|[1181]|oppId|Id|true|false
10:14:21.0 (19509000)|VARIABLE_ASSIGNMENT|[1182]|oppId|"0068Z0000A00074QAH"
10:14:21.0 (19525000)|SOQL_EXECUTE_BEGIN|[1183]|Aggregations:0|SELECT Id, Name, Tier__c FROM Account WHERE Id = :tmpVar1
10:14:21.0 (19547000)|LIMIT_USAGE|[1184]|SOQL|161|100
10:14:21.0 (19555000)|SOQL_EXECUTE_END|[1185]|Rows:1
10:14:21.0 (19569000)|SOQL_EXECUTE_BEGIN|[1186]|Aggregations:0|SELECT Id, OpportunityId, Quantity, TotalPrice FROM OpportunityLineItem WHERE OpportunityId = :tmpVar2
10:14:21.0 (19599000)|LIMIT_USAGE|[1187]|SOQL|162|100
10:14:21.0 (19608000)|SOQL_EXECUTE_END|[1188]|Rows:12
10:14:21.0 (19625000)|DML_BEGIN|[1189]|Op:Update|Type:Opportunity|Rows:1
10:14:21.0 (19643000)|LIMIT_USAGE|[1190]|DML|83|150
10:14:21.0 (19652000)|DML_END|[1191]
10:14:21.0 (19667000)|METHOD_EXIT|[30]|01q8Z00000N0ABC|OpportunityTriggerHandler.processOpportunity(Id)
10:14:21.0 (19683000)|METHOD_ENTRY|[30]|01q8Z00000N0ABC|OpportunityTriggerHandler.processOpportunity(Id)
10:14:21.0 (19701000)|VARIABLE_SCOPE_BEGIN|[1194]|oppId|Id|true|false
10:14:21.0 (19714000)|VARIABLE_ASSIGNMENT|[1195]|oppId|"0068Z0000A00075QAH"
10:14:21.0 (19730000)|SOQL_EXECUTE_BEGIN|[1196]|Aggregations:0|SELECT Id, Name, Tier__c FROM Account WHERE Id = :tmpVar1
10:14:21.0 (19752000)|LIMIT_USAGE|[1197]|SOQL|163|100
10:14:21.0 (19760000)|SOQL_EXECUTE_END|[1198]|Rows:1
10:14:21.0 (19774000)|SOQL_EXECUTE_BEGIN|[1199]|Aggregations:0|SELECT Id, OpportunityId, Quantity, TotalPrice FROM OpportunityLineItem WHERE OpportunityId = :tmpVar2
10:14:21.0 (19804000)|LIMIT_USAGE|[1200]|SOQL|164|100
10:14:21.0 (19813000)|SOQL_EXECUTE_END|[1201]|Rows:12
10:14:21.0 (19830000)|SOQL_EXECUTE_BEGIN|[1202]|Aggregations:0|SELECT Id FROM Product2 WHERE Family = 'Support' AND IsActive = true
10:14:21.0 (19842000)|LIMIT_USAGE|[1203]|SOQL|165|100
10:14:21.0 (19849000)|SOQL_EXECUTE_END|[1204]|Rows:0
10:14:21.0 (19862000)|USER_DEBUG|[1205]|WARN|No active Support products found for upsell recommendation
10:14:21.0 (19871000)|DML_BEGIN|[1206]|Op:Update|Type:Opportunity|Rows:1
10:14:21.0 (19889000)|LIMIT_USAGE|[1207]|DML|84|150
10:14:21.0 (19898000)|DML_END|[1208]
10:14:21.0 (19913000)|NAMED_CREDENTIAL_REQUEST|Managed|ERP_NC|https://erp.example.com/api/opportunity|POST|
10:14:21.0 (19924000)|CALLOUT_REQUEST|[1209]|HttpRequest[Endpoint=https://erp.example.com/api/opportunity, Method=POST]
10:14:21.0 (19959000)|CALLOUT_RESPONSE|[1210]|HttpResponse[Status=200, StatusCode=200]
10:14:21.0 (19963000)|NAMED_CREDENTIAL_RESPONSE|Managed|HttpResponse[Status=OK, StatusCode=200]
10:14:21.0 (19972000)|USER_DEBUG|[1211]|INFO|ERP sync completed for Opportunity 0068Z0000A00075QAH
10:14:21.0 (19981000)|LIMIT_USAGE|[1212]|CALLOUT|25|100
10:14:21.0 (19990000)|METHOD_EXIT|[30]|01q8Z00000N0ABC|OpportunityTriggerHandler.processOpportunity(Id)
10:14:21.0 (20006000)|METHOD_ENTRY|[30]|01q8Z00000N0ABC|OpportunityTriggerHandler.processOpportunity(Id)
10:14:21.0 (20024000)|VARIABLE_SCOPE_BEGIN|[1215]|oppId|Id|true|false
10:14:21.0 (20037000)|VARIABLE_ASSIGNMENT|[1216]|oppId|"0068Z0000A00076QAH"
10:14:21.0 (20053000)|VARIABLE_SCOPE_BEGIN|[1217]|opportunityIds|List<Id>|true|false
10:14:21.0 (20065000)|VARIABLE_ASSIGNMENT|[1218]|opportunityIds|["0068Z0000A00076QAH","0018Z0000B00076QAH","0058Z0000C00076QAH"]|0x7abc0076
10:14:21.0 (20081000)|SOQL_EXECUTE_BEGIN|[1219]|Aggregations:0|SELECT Id, Name, Tier__c FROM Account WHERE Id = :tmpVar1
10:14:21.0 (20103000)|LIMIT_USAGE|[1220]|SOQL|166|100
10:14:21.0 (20111000)|SOQL_EXECUTE_END|[1221]|Rows:1
10:14:21.0 (20125000)|SOQL_EXECUTE_BEGIN|[1222]|Aggregations:0|SELECT Id, OpportunityId, Quantity, TotalPrice FROM OpportunityLineItem WHERE OpportunityId = :tmpVar2
10:14:21.0 (20155000)|LIMIT_USAGE|[1223]|SOQL|167|100
10:14:21.0 (20164000)|SOQL_EXECUTE_END|[1224]|Rows:12
10:14:21.0 (20181000)|DML_BEGIN|[1225]|Op:Update|Type:Opportunity|Rows:1
10:14:21.0 (20199000)|LIMIT_USAGE|[1226]|DML|85|150
10:14:21.0 (20208000)|DML_END|[1227]
10:14:21.0 (20223000)|METHOD_EXIT|[30]|01q8Z00000N0ABC|OpportunityTriggerHandler.processOpportunity(Id)
10:14:21.0 (20239000)|METHOD_ENTRY|[30]|01q8Z00000N0ABC|OpportunityTriggerHandler.processOpportunity(Id)
10:14:21.0 (20257000)|VARIABLE_SCOPE_BEGIN|[1230]|oppId|Id|true|false
10:14:21.0 (20270000)|VARIABLE_ASSIGNMENT|[1231]|oppId|"0068Z0000A00077QAH"
10:14:21.0 (20286000)|SOQL_EXECUTE_BEGIN|[1232]|Aggregations:0|SELECT Id, Name, Tier__c FROM Account WHERE Id = :tmpVar1
10:14:21.0 (20308000)|LIMIT_USAGE|[1233]|SOQL|168|100
10:14:21.0 (20316000)|SOQL_EXECUTE_END|[1234]|Rows:1
10:14:21.0 (20330000)|SOQL_EXECUTE_BEGIN|[1235]|Aggregations:0|SELECT Id, OpportunityId, Quantity, TotalPrice FROM OpportunityLineItem WHERE OpportunityId = :tmpVar2
10:14:21.0 (20360000)|LIMIT_USAGE|[1236]|SOQL|169|100
10:14:21.0 (20369000)|SOQL_EXECUTE_END|[1237]|Rows:12
10:14:21.0 (20386000)|DML_BEGIN|[1238]|Op:Update|Type:Opportunity|Rows:1
10:14:21.0 (20404000)|LIMIT_USAGE|[1239]|DML|86|150
10:14:21.0 (20413000)|DML_END|[1240]
10:14:21.0 (20428000)|METHOD_EXIT|[30]|01q8Z00000N0ABC|OpportunityTriggerHandler.processOpportunity(Id)
10:14:21.0 (20444000)|METHOD_ENTRY|[30]|01q8Z00000N0ABC|OpportunityTriggerHandler.processOpportunity(Id)
10:14:21.0 (20462000)|VARIABLE_SCOPE_BEGIN|[1243]|oppId|Id|true|false
10:14:21.0 (20475000)|VARIABLE_ASSIGNMENT|[1244]|oppId|"0068Z0000A00078QAH"
10:14:21.0 (20491000)|SOQL_EXECUTE_BEGIN|[1245]|Aggregations:0|SELECT Id, Name, Tier__c FROM Account WHERE Id = :tmpVar1
10:14:21.0 (20513000)|LIMIT_USAGE|[1246]|SOQL|170|100
10:14:21.0 (20521000)|SOQL_EXECUTE_END|[1247]|Rows:1
10:14:21.0 (20535000)|SOQL_EXECUTE_BEGIN|[1248]|Aggregations:0|SELECT Id, OpportunityId, Quantity, TotalPrice FROM OpportunityLineItem WHERE OpportunityId = :tmpVar2
10:14:21.0 (20565000)|LIMIT_USAGE|[1249]|SOQL|171|100
10:14:21.0 (20574000)|SOQL_EXECUTE_END|[1250]|Rows:12
10:14:21.0 (20591000)|DML_BEGIN|[1251]|Op:Update|Type:Opportunity|Rows:1
10:14:21.0 (20609000)|LIMIT_USAGE|[1252]|DML|87|150
10:14:21.0 (20618000)|DML_END|[1253]
10:14:21.0 (20633000)|NAMED_CREDENTIAL_REQUEST|Managed|ERP_NC|https://erp.example.com/api/opportunity|POST|
10:14:21.0 (20644000)|CALLOUT_REQUEST|[1254]|HttpRequest[Endpoint=https://erp.example.com/api/opportunity, Method=POST]
10:14:21.0 (20679000)|CALLOUT_RESPONSE|[1255]|HttpResponse[Status=200, StatusCode=200]
10:14:21.0 (20683000)|NAMED_CREDENTIAL_RESPONSE|Managed|HttpResponse[Status=OK, StatusCode=200]
10:14:21.0 (20692000)|USER_DEBUG|[1256]|INFO|ERP sync completed for Opportunity 0068Z0000A00078QAH
10:14:21.0 (20701000)|LIMIT_USAGE|[1257]|CALLOUT|26|100
10:14:21.0 (20710000)|METHOD_EXIT|[30]|01q8Z00000N0ABC|OpportunityTriggerHandler.processOpportunity(Id)
10:14:21.0 (20726000)|METHOD_ENTRY|[30]|01q8Z00000N0ABC|OpportunityTriggerHandler.processOpportunity(Id)
10:14:21.0 (20744000)|VARIABLE_SCOPE_BEGIN|[1260]|oppId|Id|true|false
10:14:21.0 (20757000)|VARIABLE_ASSIGNMENT|[1261]|oppId|"0068Z0000A00079QAH"
10:14:21.0 (20773000)|SOQL_EXECUTE_BEGIN|[1262]|Aggregations:0|SELECT Id, Name, Tier__c FROM Account WHERE Id = :tmpVar1
10:14:21.0 (20795000)|LIMIT_USAGE|[1263]|SOQL|172|100
10:14:21.0 (20803000)|SOQL_EXECUTE_END|[1264]|Rows:1
10:14:21.0 (20817000)|SOQL_EXECUTE_BEGIN|[1265]|Aggregations:0|SELECT Id, OpportunityId, Quantity, TotalPrice FROM OpportunityLineItem WHERE OpportunityId = :tmpVar2
10:14:21.0 (20847000)|LIMIT_USAGE|[1266]|SOQL|173|100
10:14:21.0 (20856000)|SOQL_EXECUTE_END|[1267]|Rows:12
10:14:21.0 (20873000)|DML_BEGIN|[1268]|Op:Update|Type:Opportunity|Rows:1
10:14:21.0 (20891000)|LIMIT_USAGE|[1269]|DML|88|150
10:14:21.0 (20900000)|DML_END|[1270]
10:14:21.0 (20915000)|METHOD_EXIT|[30]|01q8Z00000N0ABC|OpportunityTriggerHandler.processOpportunity(Id)
10:14:21.0 (20931000)|METHOD_ENTRY|[30]|01q8Z00000N0ABC|OpportunityTriggerHandler.processOpportunity(Id)
10:14:21.0 (20949000)|VARIABLE_SCOPE_BEGIN|[1273]|oppId|Id|true|false
10:14:21.0 (20962000)|VARIABLE_ASSIGNMENT|[1274]|oppId|"0068Z0000A00080QAH"
10:14:21.0 (20978000)|VARIABLE_SCOPE_BEGIN|[1275]|opportunityIds|List<Id>|true|false
10:14:21.0 (20990000)|VARIABLE_ASSIGNMENT|[1276]|opportunityIds|["0068Z0000A00080QAH","0018Z0000B00080QAH","0058Z0000C00080QAH"]|0x7abc0080
10:14:21.0 (21006000)|SOQL_EXECUTE_BEGIN|[1277]|Aggregations:0|SELECT Id, Name, Tier__c FROM Account WHERE Id = :tmpVar1
10:14:21.0 (21028000)|LIMIT_USAGE|[1278]|SOQL|174|100
10:14:21.0 (21036000)|SOQL_EXECUTE_END|[1279]|Rows:1
10:14:21.0 (21050000)|SOQL_EXECUTE_BEGIN|[1280]|Aggregations:0|SELECT Id, OpportunityId, Quantity, TotalPrice FROM OpportunityLineItem WHERE OpportunityId = :tmpVar2
10:14:21.0 (21080000)|LIMIT_USAGE|[1281]|SOQL|175|100
10:14:21.0 (21089000)|SOQL_EXECUTE_END|[1282]|Rows:12
10:14:21.0 (21106000)|SOQL_EXECUTE_BEGIN|[1283]|Aggregations:0|SELECT Id FROM Product2 WHERE Family = 'Support' AND IsActive = true
10:14:21.0 (21118000)|LIMIT_USAGE|[1284]|SOQL|176|100
10:14:21.0 (21125000)|SOQL_EXECUTE_END|[1285]|Rows:0
10:14:21.0 (21138000)|USER_DEBUG|[1286]|WARN|No active Support products found for upsell recommendation
10:14:21.0 (21147000)|DML_BEGIN|[1287]|Op:Update|Type:Opportunity|Rows:1
10:14:21.0 (21165000)|LIMIT_USAGE|[1288]|DML|89|150
10:14:21.0 (21174000)|DML_END|[1289]
10:14:21.0 (21189000)|FLOW_START_INTERVIEW_BEGIN|3018Z00000FLOWA1|Opportunity_After_Save
10:14:21.0 (21201000)|FLOW_ELEMENT_BEGIN|3018Z00000FLOWA1|DECISION|Route_By_Region
10:14:21.0 (21213000)|FLOW_ELEMENT_END|3018Z00000FLOWA1|DECISION|Route_By_Region
10:14:21.0 (21225000)|FLOW_BULK_ELEMENT_BEGIN|3018Z00000FLOWA1|UPDATE_RECORDS|Update_Owner
10:14:21.0 (21240000)|DML_BEGIN|[EXTERNAL]|Op:Update|Type:Opportunity|Rows:1
10:14:21.0 (21255000)|LIMIT_USAGE|[EXTERNAL]|DML|90|150
10:14:21.0 (21263000)|DML_END|[EXTERNAL]
10:14:21.0 (21275000)|FLOW_BULK_ELEMENT_END|3018Z00000FLOWA1|UPDATE_RECORDS|Update_Owner
10:14:21.0 (21288000)|FLOW_INTERVIEW_FINISHED|3018Z00000FLOWA1|Opportunity_After_Save
10:14:21.0 (21302000)|METHOD_EXIT|[30]|01q8Z00000N0ABC|OpportunityTriggerHandler.processOpportunity(Id)
10:14:21.0 (21318000)|HEAP_ALLOCATE|[1291]|Bytes:2048
10:14:21.0 (21326000)|CUMULATIVE_PROFILING|SOQL operations|176
10:14:21.0 (21334000)|CUMULATIVE_PROFILING|DML operations|90
10:14:21.0 (21342000)|METHOD_ENTRY|[30]|01q8Z00000N0ABC|OpportunityTriggerHandler.processOpportunity(Id)
10:14:21.0 (21360000)|VARIABLE_SCOPE_BEGIN|[1293]|oppId|Id|true|false
10:14:21.0 (21373000)|VARIABLE_ASSIGNMENT|[1294]|oppId|"0068Z0000A00081QAH"
10:14:21.0 (21389000)|SOQL_EXECUTE_BEGIN|[1295]|Aggregations:0|SELECT Id, Name, Tier__c FROM Account WHERE Id = :tmpVar1
10:14:21.0 (21411000)|LIMIT_USAGE|[1296]|SOQL|177|100
10:14:21.0 (21419000)|SOQL_EXECUTE_END|[1297]|Rows:1
10:14:21.0 (21433000)|SOQL_EXECUTE_BEGIN|[1298]|Aggregations:0|SELECT Id, OpportunityId, Quantity, TotalPrice FROM OpportunityLineItem WHERE OpportunityId = :tmpVar2
10:14:21.0 (21463000)|LIMIT_USAGE|[1299]|SOQL|178|100
10:14:21.0 (21472000)|SOQL_EXECUTE_END|[1300]|Rows:12
10:14:21.0 (21489000)|DML_BEGIN|[1301]|Op:Update|Type:Opportunity|Rows:1
10:14:21.0 (21507000)|LIMIT_USAGE|[1302]|DML|91|150
10:14:21.0 (21516000)|DML_END|[1303]
10:14:21.0 (21531000)|NAMED_CREDENTIAL_REQUEST|Managed|ERP_NC|https://erp.example.com/api/opportunity|POST|
10:14:21.0 (21542000)|CALLOUT_REQUEST|[1304]|HttpRequest[Endpoint=https://erp.example.com/api/opportunity, Method=POST]
10:14:21.0 (21577000)|CALLOUT_RESPONSE|[1305]|HttpResponse[Status=200, StatusCode=200]
10:14:21.0 (21581000)|NAMED_CREDENTIAL_RESPONSE|Managed|HttpResponse[Status=OK, StatusCode=200]
10:14:21.0 (21590000)|USER_DEBUG|[1306]|INFO|ERP sync completed for Opportunity 0068Z0000A00081QAH
10:14:21.0 (21599000)|LIMIT_USAGE|[1307]|CALLOUT|27|100
10:14:21.0 (21608000)|METHOD_EXIT|[30]|01q8Z00000N0ABC|OpportunityTriggerHandler.processOpportunity(Id)
10:14:21.0 (21624000)|METHOD_ENTRY|[30]|01q8Z00000N0ABC|OpportunityTriggerHandler.processOpportunity(Id)
10:14:21.0 (21642000)|VARIABLE_SCOPE_BEGIN|[1310]|oppId|Id|true|false
10:14:21.0 (21655000)|VARIABLE_ASSIGNMENT|[1311]|oppId|"0068Z0000A00082QAH"
10:14:21.0 (21671000)|SOQL_EXECUTE_BEGIN|[1312]|Aggregations:0|SELECT Id, Name, Tier__c FROM Account WHERE Id = :tmpVar1
10:14:21.0 (21693000)|LIMIT_USAGE|[1313]|SOQL|179|100
10:14:21.0 (21701000)|SOQL_EXECUTE_END|[1314]|Rows:1
10:14:21.0 (21715000)|SOQL_EXECUTE_BEGIN|[1315]|Aggregations:0|SELECT Id, OpportunityId, Quantity, TotalPrice FROM OpportunityLineItem WHERE OpportunityId = :tmpVar2
10:14:21.0 (21745000)|LIMIT_USAGE|[1316]|SOQL|180|100
10:14:21.0 (21754000)|SOQL_EXECUTE_END|[1317]|Rows:12
10:14:21.0 (21771000)|DML_BEGIN|[1318]|Op:Update|Type:Opportunity|Rows:1
10:14:21.0 (21789000)|LIMIT_USAGE|[1319]|DML|92|150
10:14:21.0 (21798000)|DML_END|[1320]
10:14:21.0 (21813000)|METHOD_EXIT|[30]|01q8Z00000N0ABC|OpportunityTriggerHandler.processOpportunity(Id)
10:14:21.0 (21829000)|METHOD_ENTRY|[30]|01q8Z00000N0ABC|OpportunityTriggerHandler.processOpportunity(Id)
10:14:21.0 (21847000)|VARIABLE_SCOPE_BEGIN|[1323]|oppId|Id|true|false
10:14:21.0 (21860000)|VARIABLE_ASSIGNMENT|[1324]|oppId|"0068Z0000A00083QAH"
10:14:21.0 (21876000)|SOQL_EXECUTE_BEGIN|[1325]|Aggregations:0|SELECT Id, Name, Tier__c FROM Account WHERE Id = :tmpVar1
10:14:21.0 (21898000)|LIMIT_USAGE|[1326]|SOQL|181|100
10:14:21.0 (21906000)|SOQL_EXECUTE_END|[1327]|Rows:1
10:14:21.0 (21920000)|SOQL_EXECUTE_BEGIN|[1328]|Aggregations:0|SELECT Id, OpportunityId, Quantity, TotalPrice FROM OpportunityLineItem WHERE OpportunityId = :tmpVar2
10:14:21.0 (21950000)|LIMIT_USAGE|[1329]|SOQL|182|100
10:14:21.0 (21959000)|SOQL_EXECUTE_END|[1330]|Rows:12
10:14:21.0 (21976000)|DML_BEGIN|[1331]|Op:Update|Type:Opportunity|Rows:1
10:14:21.0 (21994000)|LIMIT_USAGE|[1332]|DML|93|150
10:14:21.0 (22003000)|DML_END|[1333]
10:14:21.0 (22018000)|METHOD_EXIT|[30]|01q8Z00000N0ABC|OpportunityTriggerHandler.processOpportunity(Id)
10:14:21.0 (22034000)|METHOD_ENTRY|[30]|01q8Z00000N0ABC|OpportunityTriggerHandler.processOpportunity(Id)
10:14:21.0 (22052000)|VARIABLE_SCOPE_BEGIN|[1336]|oppId|Id|true|false
10:14:21.0 (22065000)|VARIABLE_ASSIGNMENT|[1337]|oppId|"0068Z0000A00084QAH"
10:14:21.0 (22081000)|VARIABLE_SCOPE_BEGIN|[1338]|opportunityIds|List<Id>|true|false
10:14:21.0 (22093000)|VARIABLE_ASSIGNMENT|[1339]|opportunityIds|["0068Z0000A00084QAH","0018Z0000B00084QAH","0058Z0000C00084QAH"]|0x7abc0084
10:14:21.0 (22109000)|SOQL_EXECUTE_BEGIN|[1340]|Aggregations:0|SELECT Id, Name, Tier__c FROM Account WHERE Id = :tmpVar1
10:14:21.0 (22131000)|LIMIT_USAGE|[1341]|SOQL|183|100
10:14:21.0 (22139000)|SOQL_EXECUTE_END|[1342]|Rows:1
10:14:21.0 (22153000)|SOQL_EXECUTE_BEGIN|[1343]|Aggregations:0|SELECT Id, OpportunityId, Quantity, TotalPrice FROM OpportunityLineItem WHERE OpportunityId = :tmpVar2
10:14:21.0 (22183000)|LIMIT_USAGE|[1344]|SOQL|184|100
10:14:21.0 (22192000)|SOQL_EXECUTE_END|[1345]|Rows:12
10:14:21.0 (22209000)|DML_BEGIN|[1346]|Op:Update|Type:Opportunity|Rows:1
10:14:21.0 (22227000)|LIMIT_USAGE|[1347]|DML|94|150
10:14:21.0 (22236000)|DML_END|[1348]
10:14:21.0 (22251000)|NAMED_CREDENTIAL_REQUEST|Managed|ERP_NC|https://erp.example.com/api/opportunity|POST|
10:14:21.0 (22262000)|CALLOUT_REQUEST|[1349]|HttpRequest[Endpoint=https://erp.example.com/api/opportunity, Method=POST]
10:14:21.0 (22297000)|CALLOUT_RESPONSE|[1350]|HttpResponse[Status=500, StatusCode=500]
10:14:21.0 (22301000)|NAMED_CREDENTIAL_RESPONSE|Managed|HttpResponse[Status=Read timed out, StatusCode=500]
10:14:21.0 (22310000)|EXCEPTION_THROWN|[1351]|System.CalloutException: Read timed out
10:14:21.0 (22325000)|USER_DEBUG|[1352]|ERROR|Timeout from downstream pricing engine; using cached quote values
10:14:21.0 (22336000)|LIMIT_USAGE|[1353]|CALLOUT|28|100
10:14:21.0 (22345000)|METHOD_EXIT|[30]|01q8Z00000N0ABC|OpportunityTriggerHandler.processOpportunity(Id)
10:14:21.0 (22361000)|METHOD_ENTRY|[30]|01q8Z00000N0ABC|OpportunityTriggerHandler.processOpportunity(Id)
10:14:21.0 (22379000)|VARIABLE_SCOPE_BEGIN|[1356]|oppId|Id|true|false
10:14:21.0 (22392000)|VARIABLE_ASSIGNMENT|[1357]|oppId|"0068Z0000A00085QAH"
10:14:21.0 (22408000)|SOQL_EXECUTE_BEGIN|[1358]|Aggregations:0|SELECT Id, Name, Tier__c FROM Account WHERE Id = :tmpVar1
10:14:21.0 (22430000)|LIMIT_USAGE|[1359]|SOQL|185|100
10:14:21.0 (22438000)|SOQL_EXECUTE_END|[1360]|Rows:1
10:14:21.0 (22452000)|SOQL_EXECUTE_BEGIN|[1361]|Aggregations:0|SELECT Id, OpportunityId, Quantity, TotalPrice FROM OpportunityLineItem WHERE OpportunityId = :tmpVar2
10:14:21.0 (22482000)|LIMIT_USAGE|[1362]|SOQL|186|100
10:14:21.0 (22491000)|SOQL_EXECUTE_END|[1363]|Rows:12
10:14:21.0 (22508000)|SOQL_EXECUTE_BEGIN|[1364]|Aggregations:0|SELECT Id FROM Product2 WHERE Family = 'Support' AND IsActive = true
10:14:21.0 (22520000)|LIMIT_USAGE|[1365]|SOQL|187|100
10:14:21.0 (22527000)|SOQL_EXECUTE_END|[1366]|Rows:0
10:14:21.0 (22540000)|USER_DEBUG|[1367]|WARN|No active Support products found for upsell recommendation
10:14:21.0 (22549000)|DML_BEGIN|[1368]|Op:Update|Type:Opportunity|Rows:1
10:14:21.0 (22567000)|LIMIT_USAGE|[1369]|DML|95|150
10:14:21.0 (22576000)|DML_END|[1370]
10:14:21.0 (22591000)|METHOD_EXIT|[30]|01q8Z00000N0ABC|OpportunityTriggerHandler.processOpportunity(Id)
10:14:21.0 (22607000)|METHOD_ENTRY|[30]|01q8Z00000N0ABC|OpportunityTriggerHandler.processOpportunity(Id)
10:14:21.0 (22625000)|VARIABLE_SCOPE_BEGIN|[1373]|oppId|Id|true|false
10:14:21.0 (22638000)|VARIABLE_ASSIGNMENT|[1374]|oppId|"0068Z0000A00086QAH"
10:14:21.0 (22654000)|SOQL_EXECUTE_BEGIN|[1375]|Aggregations:0|SELECT Id, Name, Tier__c FROM Account WHERE Id = :tmpVar1
10:14:21.0 (22676000)|LIMIT_USAGE|[1376]|SOQL|188|100
10:14:21.0 (22684000)|SOQL_EXECUTE_END|[1377]|Rows:1
10:14:21.0 (22698000)|SOQL_EXECUTE_BEGIN|[1378]|Aggregations:0|SELECT Id, OpportunityId, Quantity, TotalPrice FROM OpportunityLineItem WHERE OpportunityId = :tmpVar2
10:14:21.0 (22728000)|LIMIT_USAGE|[1379]|SOQL|189|100
10:14:21.0 (22737000)|SOQL_EXECUTE_END|[1380]|Rows:12
10:14:21.0 (22754000)|DML_BEGIN|[1381]|Op:Update|Type:Opportunity|Rows:1
10:14:21.0 (22772000)|LIMIT_USAGE|[1382]|DML|96|150
10:14:21.0 (22781000)|DML_END|[1383]
10:14:21.0 (22796000)|METHOD_EXIT|[30]|01q8Z00000N0ABC|OpportunityTriggerHandler.processOpportunity(Id)
10:14:21.0 (22812000)|METHOD_ENTRY|[30]|01q8Z00000N0ABC|OpportunityTriggerHandler.processOpportunity(Id)
10:14:21.0 (22830000)|VARIABLE_SCOPE_BEGIN|[1386]|oppId|Id|true|false
10:14:21.0 (22843000)|VARIABLE_ASSIGNMENT|[1387]|oppId|"0068Z0000A00087QAH"
10:14:21.0 (22859000)|SOQL_EXECUTE_BEGIN|[1388]|Aggregations:0|SELECT Id, Name, Tier__c FROM Account WHERE Id = :tmpVar1
10:14:21.0 (22881000)|LIMIT_USAGE|[1389]|SOQL|190|100
10:14:21.0 (22889000)|SOQL_EXECUTE_END|[1390]|Rows:1
10:14:21.0 (22903000)|SOQL_EXECUTE_BEGIN|[1391]|Aggregations:0|SELECT Id, OpportunityId, Quantity, TotalPrice FROM OpportunityLineItem WHERE OpportunityId = :tmpVar2
10:14:21.0 (22933000)|LIMIT_USAGE|[1392]|SOQL|191|100
10:14:21.0 (22942000)|SOQL_EXECUTE_END|[1393]|Rows:12
10:14:21.0 (22959000)|DML_BEGIN|[1394]|Op:Update|Type:Opportunity|Rows:1
10:14:21.0 (22977000)|LIMIT_USAGE|[1395]|DML|97|150
10:14:21.0 (22986000)|DML_END|[1396]
10:14:21.0 (23001000)|NAMED_CREDENTIAL_REQUEST|Managed|ERP_NC|https://erp.example.com/api/opportunity|POST|
10:14:21.0 (23012000)|CALLOUT_REQUEST|[1397]|HttpRequest[Endpoint=https://erp.example.com/api/opportunity, Method=POST]
10:14:21.0 (23047000)|CALLOUT_RESPONSE|[1398]|HttpResponse[Status=200, StatusCode=200]
10:14:21.0 (23051000)|NAMED_CREDENTIAL_RESPONSE|Managed|HttpResponse[Status=OK, StatusCode=200]
10:14:21.0 (23060000)|USER_DEBUG|[1399]|INFO|ERP sync completed for Opportunity 0068Z0000A00087QAH
10:14:21.0 (23069000)|LIMIT_USAGE|[1400]|CALLOUT|29|100
10:14:21.0 (23078000)|METHOD_EXIT|[30]|01q8Z00000N0ABC|OpportunityTriggerHandler.processOpportunity(Id)
10:14:21.0 (23094000)|METHOD_ENTRY|[30]|01q8Z00000N0ABC|OpportunityTriggerHandler.processOpportunity(Id)
10:14:21.0 (23112000)|VARIABLE_SCOPE_BEGIN|[1403]|oppId|Id|true|false
10:14:21.0 (23125000)|VARIABLE_ASSIGNMENT|[1404]|oppId|"0068Z0000A00088QAH"
10:14:21.0 (23141000)|VARIABLE_SCOPE_BEGIN|[1405]|opportunityIds|List<Id>|true|false
10:14:21.0 (23153000)|VARIABLE_ASSIGNMENT|[1406]|opportunityIds|["0068Z0000A00088QAH","0018Z0000B00088QAH","0058Z0000C00088QAH"]|0x7abc0088
10:14:21.0 (23169000)|SOQL_EXECUTE_BEGIN|[1407]|Aggregations:0|SELECT Id, Name, Tier__c FROM Account WHERE Id = :tmpVar1
10:14:21.0 (23191000)|LIMIT_USAGE|[1408]|SOQL|192|100
10:14:21.0 (23199000)|SOQL_EXECUTE_END|[1409]|Rows:1
10:14:21.0 (23213000)|SOQL_EXECUTE_BEGIN|[1410]|Aggregations:0|SELECT Id, OpportunityId, Quantity, TotalPrice FROM OpportunityLineItem WHERE OpportunityId = :tmpVar2
10:14:21.0 (23243000)|LIMIT_USAGE|[1411]|SOQL|193|100
10:14:21.0 (23252000)|SOQL_EXECUTE_END|[1412]|Rows:12
10:14:21.0 (23269000)|DML_BEGIN|[1413]|Op:Update|Type:Opportunity|Rows:1
10:14:21.0 (23287000)|LIMIT_USAGE|[1414]|DML|98|150
10:14:21.0 (23296000)|DML_END|[1415]
10:14:21.0 (23311000)|FLOW_START_INTERVIEW_BEGIN|3018Z00000FLOWA1|Opportunity_After_Save
10:14:21.0 (23323000)|FLOW_ELEMENT_BEGIN|3018Z00000FLOWA1|DECISION|Route_By_Region
10:14:21.0 (23335000)|FLOW_ELEMENT_END|3018Z00000FLOWA1|DECISION|Route_By_Region
10:14:21.0 (23347000)|FLOW_BULK_ELEMENT_BEGIN|3018Z00000FLOWA1|UPDATE_RECORDS|Update_Owner
10:14:21.0 (23362000)|DML_BEGIN|[EXTERNAL]|Op:Update|Type:Opportunity|Rows:1
10:14:21.0 (23377000)|LIMIT_USAGE|[EXTERNAL]|DML|99|150
10:14:21.0 (23385000)|DML_END|[EXTERNAL]
10:14:21.0 (23397000)|FLOW_BULK_ELEMENT_END|3018Z00000FLOWA1|UPDATE_RECORDS|Update_Owner
10:14:21.0 (23410000)|FLOW_INTERVIEW_FINISHED|3018Z00000FLOWA1|Opportunity_After_Save
10:14:21.0 (23424000)|METHOD_EXIT|[30]|01q8Z00000N0ABC|OpportunityTriggerHandler.processOpportunity(Id)
10:14:21.0 (23440000)|METHOD_ENTRY|[30]|01q8Z00000N0ABC|OpportunityTriggerHandler.processOpportunity(Id)
10:14:21.0 (23458000)|VARIABLE_SCOPE_BEGIN|[1418]|oppId|Id|true|false
10:14:21.0 (23471000)|VARIABLE_ASSIGNMENT|[1419]|oppId|"0068Z0000A00089QAH"
10:14:21.0 (23487000)|SOQL_EXECUTE_BEGIN|[1420]|Aggregations:0|SELECT Id, Name, Tier__c FROM Account WHERE Id = :tmpVar1
10:14:21.0 (23509000)|LIMIT_USAGE|[1421]|SOQL|194|100
10:14:21.0 (23517000)|SOQL_EXECUTE_END|[1422]|Rows:1
10:14:21.0 (23531000)|SOQL_EXECUTE_BEGIN|[1423]|Aggregations:0|SELECT Id, OpportunityId, Quantity, TotalPrice FROM OpportunityLineItem WHERE OpportunityId = :tmpVar2
10:14:21.0 (23561000)|LIMIT_USAGE|[1424]|SOQL|195|100
10:14:21.0 (23570000)|SOQL_EXECUTE_END|[1425]|Rows:12
10:14:21.0 (23587000)|DML_BEGIN|[1426]|Op:Update|Type:Opportunity|Rows:1
10:14:21.0 (23605000)|LIMIT_USAGE|[1427]|DML|100|150
10:14:21.0 (23614000)|DML_END|[1428]
10:14:21.0 (23629000)|METHOD_EXIT|[30]|01q8Z00000N0ABC|OpportunityTriggerHandler.processOpportunity(Id)
10:14:21.0 (23645000)|METHOD_ENTRY|[30]|01q8Z00000N0ABC|OpportunityTriggerHandler.processOpportunity(Id)
10:14:21.0 (23663000)|VARIABLE_SCOPE_BEGIN|[1431]|oppId|Id|true|false
10:14:21.0 (23676000)|VARIABLE_ASSIGNMENT|[1432]|oppId|"0068Z0000A00090QAH"
10:14:21.0 (23692000)|SOQL_EXECUTE_BEGIN|[1433]|Aggregations:0|SELECT Id, Name, Tier__c FROM Account WHERE Id = :tmpVar1
10:14:21.0 (23714000)|LIMIT_USAGE|[1434]|SOQL|196|100
10:14:21.0 (23722000)|SOQL_EXECUTE_END|[1435]|Rows:1
10:14:21.0 (23736000)|SOQL_EXECUTE_BEGIN|[1436]|Aggregations:0|SELECT Id, OpportunityId, Quantity, TotalPrice FROM OpportunityLineItem WHERE OpportunityId = :tmpVar2
10:14:21.0 (23766000)|LIMIT_USAGE|[1437]|SOQL|197|100
10:14:21.0 (23775000)|SOQL_EXECUTE_END|[1438]|Rows:12
10:14:21.0 (23792000)|SOQL_EXECUTE_BEGIN|[1439]|Aggregations:0|SELECT Id FROM Product2 WHERE Family = 'Support' AND IsActive = true
10:14:21.0 (23804000)|LIMIT_USAGE|[1440]|SOQL|198|100
10:14:21.0 (23811000)|SOQL_EXECUTE_END|[1441]|Rows:0
10:14:21.0 (23824000)|USER_DEBUG|[1442]|WARN|No active Support products found for upsell recommendation
10:14:21.0 (23833000)|DML_BEGIN|[1443]|Op:Update|Type:Opportunity|Rows:1
10:14:21.0 (23851000)|LIMIT_USAGE|[1444]|DML|101|150
10:14:21.0 (23860000)|DML_END|[1445]
10:14:21.0 (23875000)|NAMED_CREDENTIAL_REQUEST|Managed|ERP_NC|https://erp.example.com/api/opportunity|POST|
10:14:21.0 (23886000)|CALLOUT_REQUEST|[1446]|HttpRequest[Endpoint=https://erp.example.com/api/opportunity, Method=POST]
10:14:21.0 (23921000)|CALLOUT_RESPONSE|[1447]|HttpResponse[Status=200, StatusCode=200]
10:14:21.0 (23925000)|NAMED_CREDENTIAL_RESPONSE|Managed|HttpResponse[Status=OK, StatusCode=200]
10:14:21.0 (23934000)|USER_DEBUG|[1448]|INFO|ERP sync completed for Opportunity 0068Z0000A00090QAH
10:14:21.0 (23943000)|LIMIT_USAGE|[1449]|CALLOUT|30|100
10:14:21.0 (23952000)|METHOD_EXIT|[30]|01q8Z00000N0ABC|OpportunityTriggerHandler.processOpportunity(Id)
10:14:21.0 (23968000)|HEAP_ALLOCATE|[1451]|Bytes:2048
10:14:21.0 (23976000)|CUMULATIVE_PROFILING|SOQL operations|198
10:14:21.0 (23984000)|CUMULATIVE_PROFILING|DML operations|101
10:14:21.0 (23992000)|METHOD_ENTRY|[30]|01q8Z00000N0ABC|OpportunityTriggerHandler.processOpportunity(Id)
10:14:21.0 (24010000)|VARIABLE_SCOPE_BEGIN|[1453]|oppId|Id|true|false
10:14:21.0 (24023000)|VARIABLE_ASSIGNMENT|[1454]|oppId|"0068Z0000A00091QAH"
10:14:21.0 (24039000)|SOQL_EXECUTE_BEGIN|[1455]|Aggregations:0|SELECT Id, Name, Tier__c FROM Account WHERE Id = :tmpVar1
10:14:21.0 (24061000)|LIMIT_USAGE|[1456]|SOQL|199|100
10:14:21.0 (24069000)|SOQL_EXECUTE_END|[1457]|Rows:1
10:14:21.0 (24083000)|SOQL_EXECUTE_BEGIN|[1458]|Aggregations:0|SELECT Id, OpportunityId, Quantity, TotalPrice FROM OpportunityLineItem WHERE OpportunityId = :tmpVar2
10:14:21.0 (24113000)|LIMIT_USAGE|[1459]|SOQL|200|100
10:14:21.0 (24122000)|SOQL_EXECUTE_END|[1460]|Rows:12
10:14:21.0 (24139000)|DML_BEGIN|[1461]|Op:Update|Type:Opportunity|Rows:1
10:14:21.0 (24157000)|LIMIT_USAGE|[1462]|DML|102|150
10:14:21.0 (24166000)|DML_END|[1463]
10:14:21.0 (24181000)|METHOD_EXIT|[30]|01q8Z00000N0ABC|OpportunityTriggerHandler.processOpportunity(Id)
10:14:21.0 (24197000)|METHOD_ENTRY|[30]|01q8Z00000N0ABC|OpportunityTriggerHandler.processOpportunity(Id)
10:14:21.0 (24215000)|VARIABLE_SCOPE_BEGIN|[1466]|oppId|Id|true|false
10:14:21.0 (24228000)|VARIABLE_ASSIGNMENT|[1467]|oppId|"0068Z0000A00092QAH"
10:14:21.0 (24244000)|VARIABLE_SCOPE_BEGIN|[1468]|opportunityIds|List<Id>|true|false
10:14:21.0 (24256000)|VARIABLE_ASSIGNMENT|[1469]|opportunityIds|["0068Z0000A00092QAH","0018Z0000B00092QAH","0058Z0000C00092QAH"]|0x7abc0092
10:14:21.0 (24272000)|SOQL_EXECUTE_BEGIN|[1470]|Aggregations:0|SELECT Id, Name, Tier__c FROM Account WHERE Id = :tmpVar1
10:14:21.0 (24294000)|LIMIT_USAGE|[1471]|SOQL|201|100
10:14:21.0 (24302000)|SOQL_EXECUTE_END|[1472]|Rows:1
10:14:21.0 (24316000)|SOQL_EXECUTE_BEGIN|[1473]|Aggregations:0|SELECT Id, OpportunityId, Quantity, TotalPrice FROM OpportunityLineItem WHERE OpportunityId = :tmpVar2
10:14:21.0 (24346000)|LIMIT_USAGE|[1474]|SOQL|202|100
10:14:21.0 (24355000)|SOQL_EXECUTE_END|[1475]|Rows:12
10:14:21.0 (24372000)|DML_BEGIN|[1476]|Op:Update|Type:Opportunity|Rows:1
10:14:21.0 (24390000)|LIMIT_USAGE|[1477]|DML|103|150
10:14:21.0 (24399000)|DML_END|[1478]
10:14:21.0 (24414000)|METHOD_EXIT|[30]|01q8Z00000N0ABC|OpportunityTriggerHandler.processOpportunity(Id)
10:14:21.0 (24430000)|METHOD_ENTRY|[30]|01q8Z00000N0ABC|OpportunityTriggerHandler.processOpportunity(Id)
10:14:21.0 (24448000)|VARIABLE_SCOPE_BEGIN|[1481]|oppId|Id|true|false
10:14:21.0 (24461000)|VARIABLE_ASSIGNMENT|[1482]|oppId|"0068Z0000A00093QAH"
10:14:21.0 (24477000)|SOQL_EXECUTE_BEGIN|[1483]|Aggregations:0|SELECT Id, Name, Tier__c FROM Account WHERE Id = :tmpVar1
10:14:21.0 (24499000)|LIMIT_USAGE|[1484]|SOQL|203|100
10:14:21.0 (24507000)|SOQL_EXECUTE_END|[1485]|Rows:1
10:14:21.0 (24521000)|SOQL_EXECUTE_BEGIN|[1486]|Aggregations:0|SELECT Id, OpportunityId, Quantity, TotalPrice FROM OpportunityLineItem WHERE OpportunityId = :tmpVar2
10:14:21.0 (24551000)|LIMIT_USAGE|[1487]|SOQL|204|100
10:14:21.0 (24560000)|SOQL_EXECUTE_END|[1488]|Rows:12
10:14:21.0 (24577000)|DML_BEGIN|[1489]|Op:Update|Type:Opportunity|Rows:1
10:14:21.0 (24595000)|LIMIT_USAGE|[1490]|DML|104|150
10:14:21.0 (24604000)|DML_END|[1491]
10:14:21.0 (24619000)|NAMED_CREDENTIAL_REQUEST|Managed|ERP_NC|https://erp.example.com/api/opportunity|POST|
10:14:21.0 (24630000)|CALLOUT_REQUEST|[1492]|HttpRequest[Endpoint=https://erp.example.com/api/opportunity, Method=POST]
10:14:21.0 (24665000)|CALLOUT_RESPONSE|[1493]|HttpResponse[Status=200, StatusCode=200]
10:14:21.0 (24669000)|NAMED_CREDENTIAL_RESPONSE|Managed|HttpResponse[Status=OK, StatusCode=200]
10:14:21.0 (24678000)|USER_DEBUG|[1494]|INFO|ERP sync completed for Opportunity 0068Z0000A00093QAH
10:14:21.0 (24687000)|LIMIT_USAGE|[1495]|CALLOUT|31|100
10:14:21.0 (24696000)|METHOD_EXIT|[30]|01q8Z00000N0ABC|OpportunityTriggerHandler.processOpportunity(Id)
10:14:21.0 (24712000)|METHOD_ENTRY|[30]|01q8Z00000N0ABC|OpportunityTriggerHandler.processOpportunity(Id)
10:14:21.0 (24730000)|VARIABLE_SCOPE_BEGIN|[1498]|oppId|Id|true|false
10:14:21.0 (24743000)|VARIABLE_ASSIGNMENT|[1499]|oppId|"0068Z0000A00094QAH"
10:14:21.0 (24759000)|SOQL_EXECUTE_BEGIN|[1500]|Aggregations:0|SELECT Id, Name, Tier__c FROM Account WHERE Id = :tmpVar1
10:14:21.0 (24781000)|LIMIT_USAGE|[1501]|SOQL|205|100
10:14:21.0 (24789000)|SOQL_EXECUTE_END|[1502]|Rows:1
10:14:21.0 (24803000)|SOQL_EXECUTE_BEGIN|[1503]|Aggregations:0|SELECT Id, OpportunityId, Quantity, TotalPrice FROM OpportunityLineItem WHERE OpportunityId = :tmpVar2
10:14:21.0 (24833000)|LIMIT_USAGE|[1504]|SOQL|206|100
10:14:21.0 (24842000)|SOQL_EXECUTE_END|[1505]|Rows:12
10:14:21.0 (24859000)|DML_BEGIN|[1506]|Op:Update|Type:Opportunity|Rows:1
10:14:21.0 (24877000)|LIMIT_USAGE|[1507]|DML|105|150
10:14:21.0 (24886000)|DML_END|[1508]
10:14:21.0 (24901000)|METHOD_EXIT|[30]|01q8Z00000N0ABC|OpportunityTriggerHandler.processOpportunity(Id)
10:14:21.0 (24917000)|METHOD_ENTRY|[30]|01q8Z00000N0ABC|OpportunityTriggerHandler.processOpportunity(Id)
10:14:21.0 (24935000)|VARIABLE_SCOPE_BEGIN|[1511]|oppId|Id|true|false
10:14:21.0 (24948000)|VARIABLE_ASSIGNMENT|[1512]|oppId|"0068Z0000A00095QAH"
10:14:21.0 (24964000)|SOQL_EXECUTE_BEGIN|[1513]|Aggregations:0|SELECT Id, Name, Tier__c FROM Account WHERE Id = :tmpVar1
10:14:21.0 (24986000)|LIMIT_USAGE|[1514]|SOQL|207|100
10:14:21.0 (24994000)|SOQL_EXECUTE_END|[1515]|Rows:1
10:14:21.0 (25008000)|SOQL_EXECUTE_BEGIN|[1516]|Aggregations:0|SELECT Id, OpportunityId, Quantity, TotalPrice FROM OpportunityLineItem WHERE OpportunityId = :tmpVar2
10:14:21.0 (25038000)|LIMIT_USAGE|[1517]|SOQL|208|100
10:14:21.0 (25047000)|SOQL_EXECUTE_END|[1518]|Rows:12
10:14:21.0 (25064000)|SOQL_EXECUTE_BEGIN|[1519]|Aggregations:0|SELECT Id FROM Product2 WHERE Family = 'Support' AND IsActive = true
10:14:21.0 (25076000)|LIMIT_USAGE|[1520]|SOQL|209|100
10:14:21.0 (25083000)|SOQL_EXECUTE_END|[1521]|Rows:0
10:14:21.0 (25096000)|USER_DEBUG|[1522]|WARN|No active Support products found for upsell recommendation
10:14:21.0 (25105000)|DML_BEGIN|[1523]|Op:Update|Type:Opportunity|Rows:1
10:14:21.0 (25123000)|LIMIT_USAGE|[1524]|DML|106|150
10:14:21.0 (25132000)|DML_END|[1525]
10:14:21.0 (25147000)|METHOD_EXIT|[30]|01q8Z00000N0ABC|OpportunityTriggerHandler.processOpportunity(Id)
10:14:21.0 (25163000)|METHOD_ENTRY|[30]|01q8Z00000N0ABC|OpportunityTriggerHandler.processOpportunity(Id)
10:14:21.0 (25181000)|VARIABLE_SCOPE_BEGIN|[1528]|oppId|Id|true|false
10:14:21.0 (25194000)|VARIABLE_ASSIGNMENT|[1529]|oppId|"0068Z0000A00096QAH"
10:14:21.0 (25210000)|VARIABLE_SCOPE_BEGIN|[1530]|opportunityIds|List<Id>|true|false
10:14:21.0 (25222000)|VARIABLE_ASSIGNMENT|[1531]|opportunityIds|["0068Z0000A00096QAH","0018Z0000B00096QAH","0058Z0000C00096QAH"]|0x7abc0096
10:14:21.0 (25238000)|SOQL_EXECUTE_BEGIN|[1532]|Aggregations:0|SELECT Id, Name, Tier__c FROM Account WHERE Id = :tmpVar1
10:14:21.0 (25260000)|LIMIT_USAGE|[1533]|SOQL|210|100
10:14:21.0 (25268000)|SOQL_EXECUTE_END|[1534]|Rows:1
10:14:21.0 (25282000)|SOQL_EXECUTE_BEGIN|[1535]|Aggregations:0|SELECT Id, OpportunityId, Quantity, TotalPrice FROM OpportunityLineItem WHERE OpportunityId = :tmpVar2
10:14:21.0 (25312000)|LIMIT_USAGE|[1536]|SOQL|211|100
10:14:21.0 (25321000)|SOQL_EXECUTE_END|[1537]|Rows:12
10:14:21.0 (25338000)|DML_BEGIN|[1538]|Op:Update|Type:Opportunity|Rows:1
10:14:21.0 (25356000)|LIMIT_USAGE|[1539]|DML|107|150
10:14:21.0 (25365000)|DML_END|[1540]
10:14:21.0 (25380000)|NAMED_CREDENTIAL_REQUEST|Managed|ERP_NC|https://erp.example.com/api/opportunity|POST|
10:14:21.0 (25391000)|CALLOUT_REQUEST|[1541]|HttpRequest[Endpoint=https://erp.example.com/api/opportunity, Method=POST]
10:14:21.0 (25426000)|CALLOUT_RESPONSE|[1542]|HttpResponse[Status=500, StatusCode=500]
10:14:21.0 (25430000)|NAMED_CREDENTIAL_RESPONSE|Managed|HttpResponse[Status=Read timed out, StatusCode=500]
10:14:21.0 (25439000)|EXCEPTION_THROWN|[1543]|System.CalloutException: Read timed out
10:14:21.0 (25454000)|USER_DEBUG|[1544]|ERROR|Timeout from downstream pricing engine; using cached quote values
10:14:21.0 (25465000)|LIMIT_USAGE|[1545]|CALLOUT|32|100
10:14:21.0 (25474000)|FLOW_START_INTERVIEW_BEGIN|3018Z00000FLOWA1|Opportunity_After_Save
10:14:21.0 (25486000)|FLOW_ELEMENT_BEGIN|3018Z00000FLOWA1|DECISION|Route_By_Region
10:14:21.0 (25498000)|FLOW_ELEMENT_END|3018Z00000FLOWA1|DECISION|Route_By_Region
10:14:21.0 (25510000)|FLOW_BULK_ELEMENT_BEGIN|3018Z00000FLOWA1|UPDATE_RECORDS|Update_Owner
10:14:21.0 (25525000)|DML_BEGIN|[EXTERNAL]|Op:Update|Type:Opportunity|Rows:1
10:14:21.0 (25540000)|LIMIT_USAGE|[EXTERNAL]|DML|108|150
10:14:21.0 (25548000)|DML_END|[EXTERNAL]
10:14:21.0 (25560000)|FLOW_BULK_ELEMENT_END|3018Z00000FLOWA1|UPDATE_RECORDS|Update_Owner
10:14:21.0 (25573000)|FLOW_INTERVIEW_FINISHED|3018Z00000FLOWA1|Opportunity_After_Save
10:14:21.0 (25587000)|METHOD_EXIT|[30]|01q8Z00000N0ABC|OpportunityTriggerHandler.processOpportunity(Id)
10:14:21.0 (25603000)|METHOD_ENTRY|[30]|01q8Z00000N0ABC|OpportunityTriggerHandler.processOpportunity(Id)
10:14:21.0 (25621000)|VARIABLE_SCOPE_BEGIN|[1548]|oppId|Id|true|false
10:14:21.0 (25634000)|VARIABLE_ASSIGNMENT|[1549]|oppId|"0068Z0000A00097QAH"
10:14:21.0 (25650000)|SOQL_EXECUTE_BEGIN|[1550]|Aggregations:0|SELECT Id, Name, Tier__c FROM Account WHERE Id = :tmpVar1
10:14:21.0 (25672000)|LIMIT_USAGE|[1551]|SOQL|212|100
10:14:21.0 (25680000)|SOQL_EXECUTE_END|[1552]|Rows:1
10:14:21.0 (25694000)|SOQL_EXECUTE_BEGIN|[1553]|Aggregations:0|SELECT Id, OpportunityId, Quantity, TotalPrice FROM OpportunityLineItem WHERE OpportunityId = :tmpVar2
10:14:21.0 (25724000)|LIMIT_USAGE|[1554]|SOQL|213|100
10:14:21.0 (25733000)|SOQL_EXECUTE_END|[1555]|Rows:12
10:14:21.0 (25750000)|DML_BEGIN|[1556]|Op:Update|Type:Opportunity|Rows:1
10:14:21.0 (25768000)|LIMIT_USAGE|[1557]|DML|109|150
10:14:21.0 (25777000)|DML_END|[1558]
10:14:21.0 (25792000)|METHOD_EXIT|[30]|01q8Z00000N0ABC|OpportunityTriggerHandler.processOpportunity(Id)
10:14:21.0 (25808000)|METHOD_ENTRY|[30]|01q8Z00000N0ABC|OpportunityTriggerHandler.processOpportunity(Id)
10:14:21.0 (25826000)|VARIABLE_SCOPE_BEGIN|[1561]|oppId|Id|true|false
10:14:21.0 (25839000)|VARIABLE_ASSIGNMENT|[1562]|oppId|"0068Z0000A00098QAH"
10:14:21.0 (25855000)|SOQL_EXECUTE_BEGIN|[1563]|Aggregations:0|SELECT Id, Name, Tier__c FROM Account WHERE Id = :tmpVar1
10:14:21.0 (25877000)|LIMIT_USAGE|[1564]|SOQL|214|100
10:14:21.0 (25885000)|SOQL_EXECUTE_END|[1565]|Rows:1
10:14:21.0 (25899000)|SOQL_EXECUTE_BEGIN|[1566]|Aggregations:0|SELECT Id, OpportunityId, Quantity, TotalPrice FROM OpportunityLineItem WHERE OpportunityId = :tmpVar2
10:14:21.0 (25929000)|LIMIT_USAGE|[1567]|SOQL|215|100
10:14:21.0 (25938000)|SOQL_EXECUTE_END|[1568]|Rows:12
10:14:21.0 (25955000)|DML_BEGIN|[1569]|Op:Update|Type:Opportunity|Rows:1
10:14:21.0 (25973000)|LIMIT_USAGE|[1570]|DML|110|150
10:14:21.0 (25982000)|DML_END|[1571]
10:14:21.0 (25997000)|METHOD_EXIT|[30]|01q8Z00000N0ABC|OpportunityTriggerHandler.processOpportunity(Id)
10:14:21.0 (26013000)|METHOD_ENTRY|[30]|01q8Z00000N0ABC|OpportunityTriggerHandler.processOpportunity(Id)
10:14:21.0 (26031000)|VARIABLE_SCOPE_BEGIN|[1574]|oppId|Id|true|false
10:14:21.0 (26044000)|VARIABLE_ASSIGNMENT|[1575]|oppId|"0068Z0000A00099QAH"
10:14:21.0 (26060000)|SOQL_EXECUTE_BEGIN|[1576]|Aggregations:0|SELECT Id, Name, Tier__c FROM Account WHERE Id = :tmpVar1
10:14:21.0 (26082000)|LIMIT_USAGE|[1577]|SOQL|216|100
10:14:21.0 (26090000)|SOQL_EXECUTE_END|[1578]|Rows:1
10:14:21.0 (26104000)|SOQL_EXECUTE_BEGIN|[1579]|Aggregations:0|SELECT Id, OpportunityId, Quantity, TotalPrice FROM OpportunityLineItem WHERE OpportunityId = :tmpVar2
10:14:21.0 (26134000)|LIMIT_USAGE|[1580]|SOQL|217|100
10:14:21.0 (26143000)|SOQL_EXECUTE_END|[1581]|Rows:12
10:14:21.0 (26160000)|DML_BEGIN|[1582]|Op:Update|Type:Opportunity|Rows:1
10:14:21.0 (26178000)|LIMIT_USAGE|[1583]|DML|111|150
10:14:21.0 (26187000)|DML_END|[1584]
10:14:21.0 (26202000)|NAMED_CREDENTIAL_REQUEST|Managed|ERP_NC|https://erp.example.com/api/opportunity|POST|
10:14:21.0 (26213000)|CALLOUT_REQUEST|[1585]|HttpRequest[Endpoint=https://erp.example.com/api/opportunity, Method=POST]
10:14:21.0 (26248000)|CALLOUT_RESPONSE|[1586]|HttpResponse[Status=200, StatusCode=200]
10:14:21.0 (26252000)|NAMED_CREDENTIAL_RESPONSE|Managed|HttpResponse[Status=OK, StatusCode=200]
10:14:21.0 (26261000)|USER_DEBUG|[1587]|INFO|ERP sync completed for Opportunity 0068Z0000A00099QAH
10:14:21.0 (26270000)|LIMIT_USAGE|[1588]|CALLOUT|33|100
10:14:21.0 (26279000)|METHOD_EXIT|[30]|01q8Z00000N0ABC|OpportunityTriggerHandler.processOpportunity(Id)
10:14:21.0 (26295000)|METHOD_ENTRY|[30]|01q8Z00000N0ABC|OpportunityTriggerHandler.processOpportunity(Id)
10:14:21.0 (26313000)|VARIABLE_SCOPE_BEGIN|[1591]|oppId|Id|true|false
10:14:21.0 (26326000)|VARIABLE_ASSIGNMENT|[1592]|oppId|"0068Z0000A00100QAH"
10:14:21.0 (26342000)|VARIABLE_SCOPE_BEGIN|[1593]|opportunityIds|List<Id>|true|false
10:14:21.0 (26354000)|VARIABLE_ASSIGNMENT|[1594]|opportunityIds|["0068Z0000A00100QAH","0018Z0000B00100QAH","0058Z0000C00100QAH"]|0x7abc0100
10:14:21.0 (26370000)|SOQL_EXECUTE_BEGIN|[1595]|Aggregations:0|SELECT Id, Name, Tier__c FROM Account WHERE Id = :tmpVar1
10:14:21.0 (26392000)|LIMIT_USAGE|[1596]|SOQL|218|100
10:14:21.0 (26400000)|SOQL_EXECUTE_END|[1597]|Rows:1
10:14:21.0 (26414000)|SOQL_EXECUTE_BEGIN|[1598]|Aggregations:0|SELECT Id, OpportunityId, Quantity, TotalPrice FROM OpportunityLineItem WHERE OpportunityId = :tmpVar2
10:14:21.0 (26444000)|LIMIT_USAGE|[1599]|SOQL|219|100
10:14:21.0 (26453000)|SOQL_EXECUTE_END|[1600]|Rows:12
10:14:21.0 (26470000)|SOQL_EXECUTE_BEGIN|[1601]|Aggregations:0|SELECT Id FROM Product2 WHERE Family = 'Support' AND IsActive = true
10:14:21.0 (26482000)|LIMIT_USAGE|[1602]|SOQL|220|100
10:14:21.0 (26489000)|SOQL_EXECUTE_END|[1603]|Rows:0
10:14:21.0 (26502000)|USER_DEBUG|[1604]|WARN|No active Support products found for upsell recommendation
10:14:21.0 (26511000)|DML_BEGIN|[1605]|Op:Update|Type:Opportunity|Rows:1
10:14:21.0 (26529000)|LIMIT_USAGE|[1606]|DML|112|150
10:14:21.0 (26538000)|DML_END|[1607]
10:14:21.0 (26553000)|METHOD_EXIT|[30]|01q8Z00000N0ABC|OpportunityTriggerHandler.processOpportunity(Id)
10:14:21.0 (26569000)|HEAP_ALLOCATE|[1609]|Bytes:2048
10:14:21.0 (26577000)|CUMULATIVE_PROFILING|SOQL operations|220
10:14:21.0 (26585000)|CUMULATIVE_PROFILING|DML operations|112
10:14:21.0 (26593000)|METHOD_ENTRY|[30]|01q8Z00000N0ABC|OpportunityTriggerHandler.processOpportunity(Id)
10:14:21.0 (26611000)|VARIABLE_SCOPE_BEGIN|[1611]|oppId|Id|true|false
10:14:21.0 (26624000)|VARIABLE_ASSIGNMENT|[1612]|oppId|"0068Z0000A00101QAH"
10:14:21.0 (26640000)|SOQL_EXECUTE_BEGIN|[1613]|Aggregations:0|SELECT Id, Name, Tier__c FROM Account WHERE Id = :tmpVar1
10:14:21.0 (26662000)|LIMIT_USAGE|[1614]|SOQL|221|100
10:14:21.0 (26670000)|SOQL_EXECUTE_END|[1615]|Rows:1
10:14:21.0 (26684000)|SOQL_EXECUTE_BEGIN|[1616]|Aggregations:0|SELECT Id, OpportunityId, Quantity, TotalPrice FROM OpportunityLineItem WHERE OpportunityId = :tmpVar2
10:14:21.0 (26714000)|LIMIT_USAGE|[1617]|SOQL|222|100
10:14:21.0 (26723000)|SOQL_EXECUTE_END|[1618]|Rows:12
10:14:21.0 (26740000)|DML_BEGIN|[1619]|Op:Update|Type:Opportunity|Rows:1
10:14:21.0 (26758000)|LIMIT_USAGE|[1620]|DML|113|150
10:14:21.0 (26767000)|DML_END|[1621]
10:14:21.0 (26782000)|METHOD_EXIT|[30]|01q8Z00000N0ABC|OpportunityTriggerHandler.processOpportunity(Id)
10:14:21.0 (26798000)|METHOD_ENTRY|[30]|01q8Z00000N0ABC|OpportunityTriggerHandler.processOpportunity(Id)
10:14:21.0 (26816000)|VARIABLE_SCOPE_BEGIN|[1624]|oppId|Id|true|false
10:14:21.0 (26829000)|VARIABLE_ASSIGNMENT|[1625]|oppId|"0068Z0000A00102QAH"
10:14:21.0 (26845000)|SOQL_EXECUTE_BEGIN|[1626]|Aggregations:0|SELECT Id, Name, Tier__c FROM Account WHERE Id = :tmpVar1
10:14:21.0 (26867000)|LIMIT_USAGE|[1627]|SOQL|223|100
10:14:21.0 (26875000)|SOQL_EXECUTE_END|[1628]|Rows:1
10:14:21.0 (26889000)|SOQL_EXECUTE_BEGIN|[1629]|Aggregations:0|SELECT Id, OpportunityId, Quantity, TotalPrice FROM OpportunityLineItem WHERE OpportunityId = :tmpVar2
10:14:21.0 (26919000)|LIMIT_USAGE|[1630]|SOQL|224|100
10:14:21.0 (26928000)|SOQL_EXECUTE_END|[1631]|Rows:12
10:14:21.0 (26945000)|DML_BEGIN|[1632]|Op:Update|Type:Opportunity|Rows:1
10:14:21.0 (26963000)|LIMIT_USAGE|[1633]|DML|114|150
10:14:21.0 (26972000)|DML_END|[1634]
10:14:21.0 (26987000)|NAMED_CREDENTIAL_REQUEST|Managed|ERP_NC|https://erp.example.com/api/opportunity|POST|
10:14:21.0 (26998000)|CALLOUT_REQUEST|[1635]|HttpRequest[Endpoint=https://erp.example.com/api/opportunity, Method=POST]
10:14:21.0 (27033000)|CALLOUT_RESPONSE|[1636]|HttpResponse[Status=200, StatusCode=200]
10:14:21.0 (27037000)|NAMED_CREDENTIAL_RESPONSE|Managed|HttpResponse[Status=OK, StatusCode=200]
10:14:21.0 (27046000)|USER_DEBUG|[1637]|INFO|ERP sync completed for Opportunity 0068Z0000A00102QAH
10:14:21.0 (27055000)|LIMIT_USAGE|[1638]|CALLOUT|34|100
10:14:21.0 (27064000)|METHOD_EXIT|[30]|01q8Z00000N0ABC|OpportunityTriggerHandler.processOpportunity(Id)
10:14:21.0 (27080000)|METHOD_ENTRY|[30]|01q8Z00000N0ABC|OpportunityTriggerHandler.processOpportunity(Id)
10:14:21.0 (27098000)|VARIABLE_SCOPE_BEGIN|[1641]|oppId|Id|true|false
10:14:21.0 (27111000)|VARIABLE_ASSIGNMENT|[1642]|oppId|"0068Z0000A00103QAH"
10:14:21.0 (27127000)|SOQL_EXECUTE_BEGIN|[1643]|Aggregations:0|SELECT Id, Name, Tier__c FROM Account WHERE Id = :tmpVar1
10:14:21.0 (27149000)|LIMIT_USAGE|[1644]|SOQL|225|100
10:14:21.0 (27157000)|SOQL_EXECUTE_END|[1645]|Rows:1
10:14:21.0 (27171000)|SOQL_EXECUTE_BEGIN|[1646]|Aggregations:0|SELECT Id, OpportunityId, Quantity, TotalPrice FROM OpportunityLineItem WHERE OpportunityId = :tmpVar2
10:14:21.0 (27201000)|LIMIT_USAGE|[1647]|SOQL|226|100
10:14:21.0 (27210000)|SOQL_EXECUTE_END|[1648]|Rows:12
10:14:21.0 (27227000)|DML_BEGIN|[1649]|Op:Update|Type:Opportunity|Rows:1
10:14:21.0 (27245000)|LIMIT_USAGE|[1650]|DML|115|150
10:14:21.0 (27254000)|DML_END|[1651]
10:14:21.0 (27269000)|METHOD_EXIT|[30]|01q8Z00000N0ABC|OpportunityTriggerHandler.processOpportunity(Id)
10:14:21.0 (27285000)|METHOD_ENTRY|[30]|01q8Z00000N0ABC|OpportunityTriggerHandler.processOpportunity(Id)
10:14:21.0 (27303000)|VARIABLE_SCOPE_BEGIN|[1654]|oppId|Id|true|false
10:14:21.0 (27316000)|VARIABLE_ASSIGNMENT|[1655]|oppId|"0068Z0000A00104QAH"
10:14:21.0 (27332000)|VARIABLE_SCOPE_BEGIN|[1656]|opportunityIds|List<Id>|true|false
10:14:21.0 (27344000)|VARIABLE_ASSIGNMENT|[1657]|opportunityIds|["0068Z0000A00104QAH","0018Z0000B00104QAH","0058Z0000C00104QAH"]|0x7abc0104
10:14:21.0 (27360000)|SOQL_EXECUTE_BEGIN|[1658]|Aggregations:0|SELECT Id, Name, Tier__c FROM Account WHERE Id = :tmpVar1
10:14:21.0 (27382000)|LIMIT_USAGE|[1659]|SOQL|227|100
10:14:21.0 (27390000)|SOQL_EXECUTE_END|[1660]|Rows:1
10:14:21.0 (27404000)|SOQL_EXECUTE_BEGIN|[1661]|Aggregations:0|SELECT Id, OpportunityId, Quantity, TotalPrice FROM OpportunityLineItem WHERE OpportunityId = :tmpVar2
10:14:21.0 (27434000)|LIMIT_USAGE|[1662]|SOQL|228|100
10:14:21.0 (27443000)|SOQL_EXECUTE_END|[1663]|Rows:12
10:14:21.0 (27460000)|DML_BEGIN|[1664]|Op:Update|Type:Opportunity|Rows:1
10:14:21.0 (27478000)|LIMIT_USAGE|[1665]|DML|116|150
10:14:21.0 (27487000)|DML_END|[1666]
10:14:21.0 (27502000)|FLOW_START_INTERVIEW_BEGIN|3018Z00000FLOWA1|Opportunity_After_Save
10:14:21.0 (27514000)|FLOW_ELEMENT_BEGIN|3018Z00000FLOWA1|DECISION|Route_By_Region
10:14:21.0 (27526000)|FLOW_ELEMENT_END|3018Z00000FLOWA1|DECISION|Route_By_Region
10:14:21.0 (27538000)|FLOW_BULK_ELEMENT_BEGIN|3018Z00000FLOWA1|UPDATE_RECORDS|Update_Owner
10:14:21.0 (27553000)|DML_BEGIN|[EXTERNAL]|Op:Update|Type:Opportunity|Rows:1
10:14:21.0 (27568000)|LIMIT_USAGE|[EXTERNAL]|DML|117|150
10:14:21.0 (27576000)|DML_END|[EXTERNAL]
10:14:21.0 (27588000)|FLOW_BULK_ELEMENT_END|3018Z00000FLOWA1|UPDATE_RECORDS|Update_Owner
10:14:21.0 (27601000)|FLOW_INTERVIEW_FINISHED|3018Z00000FLOWA1|Opportunity_After_Save
10:14:21.0 (27615000)|METHOD_EXIT|[30]|01q8Z00000N0ABC|OpportunityTriggerHandler.processOpportunity(Id)
10:14:21.0 (27631000)|METHOD_ENTRY|[30]|01q8Z00000N0ABC|OpportunityTriggerHandler.processOpportunity(Id)
10:14:21.0 (27649000)|VARIABLE_SCOPE_BEGIN|[1669]|oppId|Id|true|false
10:14:21.0 (27662000)|VARIABLE_ASSIGNMENT|[1670]|oppId|"0068Z0000A00105QAH"
10:14:21.0 (27678000)|SOQL_EXECUTE_BEGIN|[1671]|Aggregations:0|SELECT Id, Name, Tier__c FROM Account WHERE Id = :tmpVar1
10:14:21.0 (27700000)|LIMIT_USAGE|[1672]|SOQL|229|100
10:14:21.0 (27708000)|SOQL_EXECUTE_END|[1673]|Rows:1
10:14:21.0 (27722000)|SOQL_EXECUTE_BEGIN|[1674]|Aggregations:0|SELECT Id, OpportunityId, Quantity, TotalPrice FROM OpportunityLineItem WHERE OpportunityId = :tmpVar2
10:14:21.0 (27752000)|LIMIT_USAGE|[1675]|SOQL|230|100
10:14:21.0 (27761000)|SOQL_EXECUTE_END|[1676]|Rows:12
10:14:21.0 (27778000)|SOQL_EXECUTE_BEGIN|[1677]|Aggregations:0|SELECT Id FROM Product2 WHERE Family = 'Support' AND IsActive = true
10:14:21.0 (27790000)|LIMIT_USAGE|[1678]|SOQL|231|100
10:14:21.0 (27797000)|SOQL_EXECUTE_END|[1679]|Rows:0
10:14:21.0 (27810000)|USER_DEBUG|[1680]|WARN|No active Support products found for upsell recommendation
10:14:21.0 (27819000)|DML_BEGIN|[1681]|Op:Update|Type:Opportunity|Rows:1
10:14:21.0 (27837000)|LIMIT_USAGE|[1682]|DML|118|150
10:14:21.0 (27846000)|DML_END|[1683]
10:14:21.0 (27861000)|NAMED_CREDENTIAL_REQUEST|Managed|ERP_NC|https://erp.example.com/api/opportunity|POST|
10:14:21.0 (27872000)|CALLOUT_REQUEST|[1684]|HttpRequest[Endpoint=https://erp.example.com/api/opportunity, Method=POST]
10:14:21.0 (27907000)|CALLOUT_RESPONSE|[1685]|HttpResponse[Status=200, StatusCode=200]
10:14:21.0 (27911000)|NAMED_CREDENTIAL_RESPONSE|Managed|HttpResponse[Status=OK, StatusCode=200]
10:14:21.0 (27920000)|USER_DEBUG|[1686]|INFO|ERP sync completed for Opportunity 0068Z0000A00105QAH
10:14:21.0 (27929000)|LIMIT_USAGE|[1687]|CALLOUT|35|100
10:14:21.0 (27938000)|METHOD_EXIT|[30]|01q8Z00000N0ABC|OpportunityTriggerHandler.processOpportunity(Id)
10:14:21.0 (27954000)|METHOD_ENTRY|[30]|01q8Z00000N0ABC|OpportunityTriggerHandler.processOpportunity(Id)
10:14:21.0 (27972000)|VARIABLE_SCOPE_BEGIN|[1690]|oppId|Id|true|false
10:14:21.0 (27985000)|VARIABLE_ASSIGNMENT|[1691]|oppId|"0068Z0000A00106QAH"
10:14:21.0 (28001000)|SOQL_EXECUTE_BEGIN|[1692]|Aggregations:0|SELECT Id, Name, Tier__c FROM Account WHERE Id = :tmpVar1
10:14:21.0 (28023000)|LIMIT_USAGE|[1693]|SOQL|232|100
10:14:21.0 (28031000)|SOQL_EXECUTE_END|[1694]|Rows:1
10:14:21.0 (28045000)|SOQL_EXECUTE_BEGIN|[1695]|Aggregations:0|SELECT Id, OpportunityId, Quantity, TotalPrice FROM OpportunityLineItem WHERE OpportunityId = :tmpVar2
10:14:21.0 (28075000)|LIMIT_USAGE|[1696]|SOQL|233|100
10:14:21.0 (28084000)|SOQL_EXECUTE_END|[1697]|Rows:12
10:14:21.0 (28101000)|DML_BEGIN|[1698]|Op:Update|Type:Opportunity|Rows:1
10:14:21.0 (28119000)|LIMIT_USAGE|[1699]|DML|119|150
10:14:21.0 (28128000)|DML_END|[1700]
10:14:21.0 (28143000)|METHOD_EXIT|[30]|01q8Z00000N0ABC|OpportunityTriggerHandler.processOpportunity(Id)
10:14:21.0 (28159000)|METHOD_ENTRY|[30]|01q8Z00000N0ABC|OpportunityTriggerHandler.processOpportunity(Id)
10:14:21.0 (28177000)|VARIABLE_SCOPE_BEGIN|[1703]|oppId|Id|true|false
10:14:21.0 (28190000)|VARIABLE_ASSIGNMENT|[1704]|oppId|"0068Z0000A00107QAH"
10:14:21.0 (28206000)|SOQL_EXECUTE_BEGIN|[1705]|Aggregations:0|SELECT Id, Name, Tier__c FROM Account WHERE Id = :tmpVar1
10:14:21.0 (28228000)|LIMIT_USAGE|[1706]|SOQL|234|100
10:14:21.0 (28236000)|SOQL_EXECUTE_END|[1707]|Rows:1
10:14:21.0 (28250000)|SOQL_EXECUTE_BEGIN|[1708]|Aggregations:0|SELECT Id, OpportunityId, Quantity, TotalPrice FROM OpportunityLineItem WHERE OpportunityId = :tmpVar2
10:14:21.0 (28280000)|LIMIT_USAGE|[1709]|SOQL|235|100
10:14:21.0 (28289000)|SOQL_EXECUTE_END|[1710]|Rows:12
10:14:21.0 (28306000)|DML_BEGIN|[1711]|Op:Update|Type:Opportunity|Rows:1
10:14:21.0 (28324000)|LIMIT_USAGE|[1712]|DML|120|150
10:14:21.0 (28333000)|DML_END|[1713]
10:14:21.0 (28348000)|METHOD_EXIT|[30]|01q8Z00000N0ABC|OpportunityTriggerHandler.processOpportunity(Id)
10:14:21.0 (28364000)|METHOD_ENTRY|[30]|01q8Z00000N0ABC|OpportunityTriggerHandler.processOpportunity(Id)
10:14:21.0 (28382000)|VARIABLE_SCOPE_BEGIN|[1716]|oppId|Id|true|false
10:14:21.0 (28395000)|VARIABLE_ASSIGNMENT|[1717]|oppId|"0068Z0000A00108QAH"
10:14:21.0 (28411000)|VARIABLE_SCOPE_BEGIN|[1718]|opportunityIds|List<Id>|true|false
10:14:21.0 (28423000)|VARIABLE_ASSIGNMENT|[1719]|opportunityIds|["0068Z0000A00108QAH","0018Z0000B00108QAH","0058Z0000C00108QAH"]|0x7abc0108
10:14:21.0 (28439000)|SOQL_EXECUTE_BEGIN|[1720]|Aggregations:0|SELECT Id, Name, Tier__c FROM Account WHERE Id = :tmpVar1
10:14:21.0 (28461000)|LIMIT_USAGE|[1721]|SOQL|236|100
10:14:21.0 (28469000)|SOQL_EXECUTE_END|[1722]|Rows:1
10:14:21.0 (28483000)|SOQL_EXECUTE_BEGIN|[1723]|Aggregations:0|SELECT Id, OpportunityId, Quantity, TotalPrice FROM OpportunityLineItem WHERE OpportunityId = :tmpVar2
10:14:21.0 (28513000)|LIMIT_USAGE|[1724]|SOQL|237|100
10:14:21.0 (28522000)|SOQL_EXECUTE_END|[1725]|Rows:12
10:14:21.0 (28539000)|DML_BEGIN|[1726]|Op:Update|Type:Opportunity|Rows:1
10:14:21.0 (28557000)|LIMIT_USAGE|[1727]|DML|121|150
10:14:21.0 (28566000)|DML_END|[1728]
10:14:21.0 (28581000)|NAMED_CREDENTIAL_REQUEST|Managed|ERP_NC|https://erp.example.com/api/opportunity|POST|
10:14:21.0 (28592000)|CALLOUT_REQUEST|[1729]|HttpRequest[Endpoint=https://erp.example.com/api/opportunity, Method=POST]
10:14:21.0 (28627000)|CALLOUT_RESPONSE|[1730]|HttpResponse[Status=500, StatusCode=500]
10:14:21.0 (28631000)|NAMED_CREDENTIAL_RESPONSE|Managed|HttpResponse[Status=Read timed out, StatusCode=500]
10:14:21.0 (28640000)|EXCEPTION_THROWN|[1731]|System.CalloutException: Read timed out
10:14:21.0 (28655000)|USER_DEBUG|[1732]|ERROR|Timeout from downstream pricing engine; using cached quote values
10:14:21.0 (28666000)|LIMIT_USAGE|[1733]|CALLOUT|36|100
10:14:21.0 (28675000)|METHOD_EXIT|[30]|01q8Z00000N0ABC|OpportunityTriggerHandler.processOpportunity(Id)
10:14:21.0 (28691000)|METHOD_ENTRY|[30]|01q8Z00000N0ABC|OpportunityTriggerHandler.processOpportunity(Id)
10:14:21.0 (28709000)|VARIABLE_SCOPE_BEGIN|[1736]|oppId|Id|true|false
10:14:21.0 (28722000)|VARIABLE_ASSIGNMENT|[1737]|oppId|"0068Z0000A00109QAH"
10:14:21.0 (28738000)|SOQL_EXECUTE_BEGIN|[1738]|Aggregations:0|SELECT Id, Name, Tier__c FROM Account WHERE Id = :tmpVar1
10:14:21.0 (28760000)|LIMIT_USAGE|[1739]|SOQL|238|100
10:14:21.0 (28768000)|SOQL_EXECUTE_END|[1740]|Rows:1
10:14:21.0 (28782000)|SOQL_EXECUTE_BEGIN|[1741]|Aggregations:0|SELECT Id, OpportunityId, Quantity, TotalPrice FROM OpportunityLineItem WHERE OpportunityId = :tmpVar2
10:14:21.0 (28812000)|LIMIT_USAGE|[1742]|SOQL|239|100
10:14:21.0 (28821000)|SOQL_EXECUTE_END|[1743]|Rows:12
10:14:21.0 (28838000)|DML_BEGIN|[1744]|Op:Update|Type:Opportunity|Rows:1
10:14:21.0 (28856000)|LIMIT_USAGE|[1745]|DML|122|150
10:14:21.0 (28865000)|DML_END|[1746]
10:14:21.0 (28880000)|METHOD_EXIT|[30]|01q8Z00000N0ABC|OpportunityTriggerHandler.processOpportunity(Id)
10:14:21.0 (28896000)|METHOD_ENTRY|[30]|01q8Z00000N0ABC|OpportunityTriggerHandler.processOpportunity(Id)
10:14:21.0 (28914000)|VARIABLE_SCOPE_BEGIN|[1749]|oppId|Id|true|false
10:14:21.0 (28927000)|VARIABLE_ASSIGNMENT|[1750]|oppId|"0068Z0000A00110QAH"
10:14:21.0 (28943000)|SOQL_EXECUTE_BEGIN|[1751]|Aggregations:0|SELECT Id, Name, Tier__c FROM Account WHERE Id = :tmpVar1
10:14:21.0 (28965000)|LIMIT_USAGE|[1752]|SOQL|240|100
10:14:21.0 (28973000)|SOQL_EXECUTE_END|[1753]|Rows:1
10:14:21.0 (28987000)|SOQL_EXECUTE_BEGIN|[1754]|Aggregations:0|SELECT Id, OpportunityId, Quantity, TotalPrice FROM OpportunityLineItem WHERE OpportunityId = :tmpVar2
10:14:21.0 (29017000)|LIMIT_USAGE|[1755]|SOQL|241|100
10:14:21.0 (29026000)|SOQL_EXECUTE_END|[1756]|Rows:12
10:14:21.0 (29043000)|SOQL_EXECUTE_BEGIN|[1757]|Aggregations:0|SELECT Id FROM Product2 WHERE Family = 'Support' AND IsActive = true
10:14:21.0 (29055000)|LIMIT_USAGE|[1758]|SOQL|242|100
10:14:21.0 (29062000)|SOQL_EXECUTE_END|[1759]|Rows:0
10:14:21.0 (29075000)|USER_DEBUG|[1760]|WARN|No active Support products found for upsell recommendation
10:14:21.0 (29084000)|DML_BEGIN|[1761]|Op:Update|Type:Opportunity|Rows:1
10:14:21.0 (29102000)|LIMIT_USAGE|[1762]|DML|123|150
10:14:21.0 (29111000)|DML_END|[1763]
10:14:21.0 (29126000)|METHOD_EXIT|[30]|01q8Z00000N0ABC|OpportunityTriggerHandler.processOpportunity(Id)
10:14:21.0 (29142000)|HEAP_ALLOCATE|[1765]|Bytes:2048
10:14:21.0 (29150000)|CUMULATIVE_PROFILING|SOQL operations|242
10:14:21.0 (29158000)|CUMULATIVE_PROFILING|DML operations|123
10:14:21.0 (29166000)|METHOD_ENTRY|[30]|01q8Z00000N0ABC|OpportunityTriggerHandler.processOpportunity(Id)
10:14:21.0 (29184000)|VARIABLE_SCOPE_BEGIN|[1767]|oppId|Id|true|false
10:14:21.0 (29197000)|VARIABLE_ASSIGNMENT|[1768]|oppId|"0068Z0000A00111QAH"
10:14:21.0 (29213000)|SOQL_EXECUTE_BEGIN|[1769]|Aggregations:0|SELECT Id, Name, Tier__c FROM Account WHERE Id = :tmpVar1
10:14:21.0 (29235000)|LIMIT_USAGE|[1770]|SOQL|243|100
10:14:21.0 (29243000)|SOQL_EXECUTE_END|[1771]|Rows:1
10:14:21.0 (29257000)|SOQL_EXECUTE_BEGIN|[1772]|Aggregations:0|SELECT Id, OpportunityId, Quantity, TotalPrice FROM OpportunityLineItem WHERE OpportunityId = :tmpVar2
10:14:21.0 (29287000)|LIMIT_USAGE|[1773]|SOQL|244|100
10:14:21.0 (29296000)|SOQL_EXECUTE_END|[1774]|Rows:12
10:14:21.0 (29313000)|DML_BEGIN|[1775]|Op:Update|Type:Opportunity|Rows:1
10:14:21.0 (29331000)|LIMIT_USAGE|[1776]|DML|124|150
10:14:21.0 (29340000)|DML_END|[1777]
10:14:21.0 (29355000)|NAMED_CREDENTIAL_REQUEST|Managed|ERP_NC|https://erp.example.com/api/opportunity|POST|
10:14:21.0 (29366000)|CALLOUT_REQUEST|[1778]|HttpRequest[Endpoint=https://erp.example.com/api/opportunity, Method=POST]
10:14:21.0 (29401000)|CALLOUT_RESPONSE|[1779]|HttpResponse[Status=200, StatusCode=200]
10:14:21.0 (29405000)|NAMED_CREDENTIAL_RESPONSE|Managed|HttpResponse[Status=OK, StatusCode=200]
10:14:21.0 (29414000)|USER_DEBUG|[1780]|INFO|ERP sync completed for Opportunity 0068Z0000A00111QAH
10:14:21.0 (29423000)|LIMIT_USAGE|[1781]|CALLOUT|37|100
10:14:21.0 (29432000)|METHOD_EXIT|[30]|01q8Z00000N0ABC|OpportunityTriggerHandler.processOpportunity(Id)
10:14:21.0 (29448000)|METHOD_ENTRY|[30]|01q8Z00000N0ABC|OpportunityTriggerHandler.processOpportunity(Id)
10:14:21.0 (29466000)|VARIABLE_SCOPE_BEGIN|[1784]|oppId|Id|true|false
10:14:21.0 (29479000)|VARIABLE_ASSIGNMENT|[1785]|oppId|"0068Z0000A00112QAH"
10:14:21.0 (29495000)|VARIABLE_SCOPE_BEGIN|[1786]|opportunityIds|List<Id>|true|false
10:14:21.0 (29507000)|VARIABLE_ASSIGNMENT|[1787]|opportunityIds|["0068Z0000A00112QAH","0018Z0000B00112QAH","0058Z0000C00112QAH"]|0x7abc0112
10:14:21.0 (29523000)|SOQL_EXECUTE_BEGIN|[1788]|Aggregations:0|SELECT Id, Name, Tier__c FROM Account WHERE Id = :tmpVar1
10:14:21.0 (29545000)|LIMIT_USAGE|[1789]|SOQL|245|100
10:14:21.0 (29553000)|SOQL_EXECUTE_END|[1790]|Rows:1
10:14:21.0 (29567000)|SOQL_EXECUTE_BEGIN|[1791]|Aggregations:0|SELECT Id, OpportunityId, Quantity, TotalPrice FROM OpportunityLineItem WHERE OpportunityId = :tmpVar2
10:14:21.0 (29597000)|LIMIT_USAGE|[1792]|SOQL|246|100
10:14:21.0 (29606000)|SOQL_EXECUTE_END|[1793]|Rows:12
10:14:21.0 (29623000)|DML_BEGIN|[1794]|Op:Update|Type:Opportunity|Rows:1
10:14:21.0 (29641000)|LIMIT_USAGE|[1795]|DML|125|150
10:14:21.0 (29650000)|DML_END|[1796]
10:14:21.0 (29665000)|FLOW_START_INTERVIEW_BEGIN|3018Z00000FLOWA1|Opportunity_After_Save
10:14:21.0 (29677000)|FLOW_ELEMENT_BEGIN|3018Z00000FLOWA1|DECISION|Route_By_Region
10:14:21.0 (29689000)|FLOW_ELEMENT_END|3018Z00000FLOWA1|DECISION|Route_By_Region
10:14:21.0 (29701000)|FLOW_BULK_ELEMENT_BEGIN|3018Z00000FLOWA1|UPDATE_RECORDS|Update_Owner
10:14:21.0 (29716000)|DML_BEGIN|[EXTERNAL]|Op:Update|Type:Opportunity|Rows:1
10:14:21.0 (29731000)|LIMIT_USAGE|[EXTERNAL]|DML|126|150
10:14:21.0 (29739000)|DML_END|[EXTERNAL]
10:14:21.0 (29751000)|FLOW_BULK_ELEMENT_END|3018Z00000FLOWA1|UPDATE_RECORDS|Update_Owner
10:14:21.0 (29764000)|FLOW_INTERVIEW_FINISHED|3018Z00000FLOWA1|Opportunity_After_Save
10:14:21.0 (29778000)|METHOD_EXIT|[30]|01q8Z00000N0ABC|OpportunityTriggerHandler.processOpportunity(Id)
10:14:21.0 (29794000)|METHOD_ENTRY|[30]|01q8Z00000N0ABC|OpportunityTriggerHandler.processOpportunity(Id)
10:14:21.0 (29812000)|VARIABLE_SCOPE_BEGIN|[1799]|oppId|Id|true|false
10:14:21.0 (29825000)|VARIABLE_ASSIGNMENT|[1800]|oppId|"0068Z0000A00113QAH"
10:14:21.0 (29841000)|SOQL_EXECUTE_BEGIN|[1801]|Aggregations:0|SELECT Id, Name, Tier__c FROM Account WHERE Id = :tmpVar1
10:14:21.0 (29863000)|LIMIT_USAGE|[1802]|SOQL|247|100
10:14:21.0 (29871000)|SOQL_EXECUTE_END|[1803]|Rows:1
10:14:21.0 (29885000)|SOQL_EXECUTE_BEGIN|[1804]|Aggregations:0|SELECT Id, OpportunityId, Quantity, TotalPrice FROM OpportunityLineItem WHERE OpportunityId = :tmpVar2
10:14:21.0 (29915000)|LIMIT_USAGE|[1805]|SOQL|248|100
10:14:21.0 (29924000)|SOQL_EXECUTE_END|[1806]|Rows:12
10:14:21.0 (29941000)|DML_BEGIN|[1807]|Op:Update|Type:Opportunity|Rows:1
10:14:21.0 (29959000)|LIMIT_USAGE|[1808]|DML|127|150
10:14:21.0 (29968000)|DML_END|[1809]
10:14:21.0 (29983000)|METHOD_EXIT|[30]|01q8Z00000N0ABC|OpportunityTriggerHandler.processOpportunity(Id)
10:14:21.0 (29999000)|METHOD_ENTRY|[30]|01q8Z00000N0ABC|OpportunityTriggerHandler.processOpportunity(Id)
10:14:21.0 (30017000)|VARIABLE_SCOPE_BEGIN|[1812]|oppId|Id|true|false
10:14:21.0 (30030000)|VARIABLE_ASSIGNMENT|[1813]|oppId|"0068Z0000A00114QAH"
10:14:21.0 (30046000)|SOQL_EXECUTE_BEGIN|[1814]|Aggregations:0|SELECT Id, Name, Tier__c FROM Account WHERE Id = :tmpVar1
10:14:21.0 (30068000)|LIMIT_USAGE|[1815]|SOQL|249|100
10:14:21.0 (30076000)|SOQL_EXECUTE_END|[1816]|Rows:1
10:14:21.0 (30090000)|SOQL_EXECUTE_BEGIN|[1817]|Aggregations:0|SELECT Id, OpportunityId, Quantity, TotalPrice FROM OpportunityLineItem WHERE OpportunityId = :tmpVar2
10:14:21.0 (30120000)|LIMIT_USAGE|[1818]|SOQL|250|100
10:14:21.0 (30129000)|SOQL_EXECUTE_END|[1819]|Rows:12
10:14:21.0 (30146000)|DML_BEGIN|[1820]|Op:Update|Type:Opportunity|Rows:1
10:14:21.0 (30164000)|LIMIT_USAGE|[1821]|DML|128|150
10:14:21.0 (30173000)|DML_END|[1822]
10:14:21.0 (30188000)|NAMED_CREDENTIAL_REQUEST|Managed|ERP_NC|https://erp.example.com/api/opportunity|POST|
10:14:21.0 (30199000)|CALLOUT_REQUEST|[1823]|HttpRequest[Endpoint=https://erp.example.com/api/opportunity, Method=POST]
10:14:21.0 (30234000)|CALLOUT_RESPONSE|[1824]|HttpResponse[Status=200, StatusCode=200]
10:14:21.0 (30238000)|NAMED_CREDENTIAL_RESPONSE|Managed|HttpResponse[Status=OK, StatusCode=200]
10:14:21.0 (30247000)|USER_DEBUG|[1825]|INFO|ERP sync completed for Opportunity 0068Z0000A00114QAH
10:14:21.0 (30256000)|LIMIT_USAGE|[1826]|CALLOUT|38|100
10:14:21.0 (30265000)|METHOD_EXIT|[30]|01q8Z00000N0ABC|OpportunityTriggerHandler.processOpportunity(Id)
10:14:21.0 (30281000)|METHOD_ENTRY|[30]|01q8Z00000N0ABC|OpportunityTriggerHandler.processOpportunity(Id)
10:14:21.0 (30299000)|VARIABLE_SCOPE_BEGIN|[1829]|oppId|Id|true|false
10:14:21.0 (30312000)|VARIABLE_ASSIGNMENT|[1830]|oppId|"0068Z0000A00115QAH"
10:14:21.0 (30328000)|SOQL_EXECUTE_BEGIN|[1831]|Aggregations:0|SELECT Id, Name, Tier__c FROM Account WHERE Id = :tmpVar1
10:14:21.0 (30350000)|LIMIT_USAGE|[1832]|SOQL|251|100
10:14:21.0 (30358000)|SOQL_EXECUTE_END|[1833]|Rows:1
10:14:21.0 (30372000)|SOQL_EXECUTE_BEGIN|[1834]|Aggregations:0|SELECT Id, OpportunityId, Quantity, TotalPrice FROM OpportunityLineItem WHERE OpportunityId = :tmpVar2
10:14:21.0 (30402000)|LIMIT_USAGE|[1835]|SOQL|252|100
10:14:21.0 (30411000)|SOQL_EXECUTE_END|[1836]|Rows:12
10:14:21.0 (30428000)|SOQL_EXECUTE_BEGIN|[1837]|Aggregations:0|SELECT Id FROM Product2 WHERE Family = 'Support' AND IsActive = true
10:14:21.0 (30440000)|LIMIT_USAGE|[1838]|SOQL|253|100
10:14:21.0 (30447000)|SOQL_EXECUTE_END|[1839]|Rows:0
10:14:21.0 (30460000)|USER_DEBUG|[1840]|WARN|No active Support products found for upsell recommendation
10:14:21.0 (30469000)|DML_BEGIN|[1841]|Op:Update|Type:Opportunity|Rows:1
10:14:21.0 (30487000)|LIMIT_USAGE|[1842]|DML|129|150
10:14:21.0 (30496000)|DML_END|[1843]
10:14:21.0 (30511000)|METHOD_EXIT|[30]|01q8Z00000N0ABC|OpportunityTriggerHandler.processOpportunity(Id)
10:14:21.0 (30527000)|METHOD_ENTRY|[30]|01q8Z00000N0ABC|OpportunityTriggerHandler.processOpportunity(Id)
10:14:21.0 (30545000)|VARIABLE_SCOPE_BEGIN|[1846]|oppId|Id|true|false
10:14:21.0 (30558000)|VARIABLE_ASSIGNMENT|[1847]|oppId|"0068Z0000A00116QAH"
10:14:21.0 (30574000)|VARIABLE_SCOPE_BEGIN|[1848]|opportunityIds|List<Id>|true|false
10:14:21.0 (30586000)|VARIABLE_ASSIGNMENT|[1849]|opportunityIds|["0068Z0000A00116QAH","0018Z0000B00116QAH","0058Z0000C00116QAH"]|0x7abc0116
10:14:21.0 (30602000)|SOQL_EXECUTE_BEGIN|[1850]|Aggregations:0|SELECT Id, Name, Tier__c FROM Account WHERE Id = :tmpVar1
10:14:21.0 (30624000)|LIMIT_USAGE|[1851]|SOQL|254|100
10:14:21.0 (30632000)|SOQL_EXECUTE_END|[1852]|Rows:1
10:14:21.0 (30646000)|SOQL_EXECUTE_BEGIN|[1853]|Aggregations:0|SELECT Id, OpportunityId, Quantity, TotalPrice FROM OpportunityLineItem WHERE OpportunityId = :tmpVar2
10:14:21.0 (30676000)|LIMIT_USAGE|[1854]|SOQL|255|100
10:14:21.0 (30685000)|SOQL_EXECUTE_END|[1855]|Rows:12
10:14:21.0 (30702000)|DML_BEGIN|[1856]|Op:Update|Type:Opportunity|Rows:1
10:14:21.0 (30720000)|LIMIT_USAGE|[1857]|DML|130|150
10:14:21.0 (30729000)|DML_END|[1858]
10:14:21.0 (30744000)|METHOD_EXIT|[30]|01q8Z00000N0ABC|OpportunityTriggerHandler.processOpportunity(Id)
10:14:21.0 (30760000)|METHOD_ENTRY|[30]|01q8Z00000N0ABC|OpportunityTriggerHandler.processOpportunity(Id)
10:14:21.0 (30778000)|VARIABLE_SCOPE_BEGIN|[1861]|oppId|Id|true|false
10:14:21.0 (30791000)|VARIABLE_ASSIGNMENT|[1862]|oppId|"0068Z0000A00117QAH"
10:14:21.0 (30807000)|SOQL_EXECUTE_BEGIN|[1863]|Aggregations:0|SELECT Id, Name, Tier__c FROM Account WHERE Id = :tmpVar1
10:14:21.0 (30829000)|LIMIT_USAGE|[1864]|SOQL|256|100
10:14:21.0 (30837000)|SOQL_EXECUTE_END|[1865]|Rows:1
10:14:21.0 (30851000)|SOQL_EXECUTE_BEGIN|[1866]|Aggregations:0|SELECT Id, OpportunityId, Quantity, TotalPrice FROM OpportunityLineItem WHERE OpportunityId = :tmpVar2
10:14:21.0 (30881000)|LIMIT_USAGE|[1867]|SOQL|257|100
10:14:21.0 (30890000)|SOQL_EXECUTE_END|[1868]|Rows:12
10:14:21.0 (30907000)|DML_BEGIN|[1869]|Op:Update|Type:Opportunity|Rows:1
10:14:21.0 (30925000)|LIMIT_USAGE|[1870]|DML|131|150
10:14:21.0 (30934000)|DML_END|[1871]
10:14:21.0 (30949000)|NAMED_CREDENTIAL_REQUEST|Managed|ERP_NC|https://erp.example.com/api/opportunity|POST|
10:14:21.0 (30960000)|CALLOUT_REQUEST|[1872]|HttpRequest[Endpoint=https://erp.example.com/api/opportunity, Method=POST]
10:14:21.0 (30995000)|CALLOUT_RESPONSE|[1873]|HttpResponse[Status=200, StatusCode=200]
10:14:21.0 (30999000)|NAMED_CREDENTIAL_RESPONSE|Managed|HttpResponse[Status=OK, StatusCode=200]
10:14:21.0 (31008000)|USER_DEBUG|[1874]|INFO|ERP sync completed for Opportunity 0068Z0000A00117QAH
10:14:21.0 (31017000)|LIMIT_USAGE|[1875]|CALLOUT|39|100
10:14:21.0 (31026000)|METHOD_EXIT|[30]|01q8Z00000N0ABC|OpportunityTriggerHandler.processOpportunity(Id)
10:14:21.0 (31042000)|METHOD_ENTRY|[30]|01q8Z00000N0ABC|OpportunityTriggerHandler.processOpportunity(Id)
10:14:21.0 (31060000)|VARIABLE_SCOPE_BEGIN|[1878]|oppId|Id|true|false
10:14:21.0 (31073000)|VARIABLE_ASSIGNMENT|[1879]|oppId|"0068Z0000A00118QAH"
10:14:21.0 (31089000)|SOQL_EXECUTE_BEGIN|[1880]|Aggregations:0|SELECT Id, Name, Tier__c FROM Account WHERE Id = :tmpVar1
10:14:21.0 (31111000)|LIMIT_USAGE|[1881]|SOQL|258|100
10:14:21.0 (31119000)|SOQL_EXECUTE_END|[1882]|Rows:1
10:14:21.0 (31133000)|SOQL_EXECUTE_BEGIN|[1883]|Aggregations:0|SELECT Id, OpportunityId, Quantity, TotalPrice FROM OpportunityLineItem WHERE OpportunityId = :tmpVar2
10:14:21.0 (31163000)|LIMIT_USAGE|[1884]|SOQL|259|100
10:14:21.0 (31172000)|SOQL_EXECUTE_END|[1885]|Rows:12
10:14:21.0 (31189000)|DML_BEGIN|[1886]|Op:Update|Type:Opportunity|Rows:1
10:14:21.0 (31207000)|LIMIT_USAGE|[1887]|DML|132|150
10:14:21.0 (31216000)|DML_END|[1888]
10:14:21.0 (31231000)|METHOD_EXIT|[30]|01q8Z00000N0ABC|OpportunityTriggerHandler.processOpportunity(Id)
10:14:21.0 (31247000)|METHOD_ENTRY|[30]|01q8Z00000N0ABC|OpportunityTriggerHandler.processOpportunity(Id)
10:14:21.0 (31265000)|VARIABLE_SCOPE_BEGIN|[1891]|oppId|Id|true|false
10:14:21.0 (31278000)|VARIABLE_ASSIGNMENT|[1892]|oppId|"0068Z0000A00119QAH"
10:14:21.0 (31294000)|SOQL_EXECUTE_BEGIN|[1893]|Aggregations:0|SELECT Id, Name, Tier__c FROM Account WHERE Id = :tmpVar1
10:14:21.0 (31316000)|LIMIT_USAGE|[1894]|SOQL|260|100
10:14:21.0 (31324000)|SOQL_EXECUTE_END|[1895]|Rows:1
10:14:21.0 (31338000)|SOQL_EXECUTE_BEGIN|[1896]|Aggregations:0|SELECT Id, OpportunityId, Quantity, TotalPrice FROM OpportunityLineItem WHERE OpportunityId = :tmpVar2
10:14:21.0 (31368000)|LIMIT_USAGE|[1897]|SOQL|261|100
10:14:21.0 (31377000)|SOQL_EXECUTE_END|[1898]|Rows:12
10:14:21.0 (31394000)|DML_BEGIN|[1899]|Op:Update|Type:Opportunity|Rows:1
10:14:21.0 (31412000)|LIMIT_USAGE|[1900]|DML|133|150
10:14:21.0 (31421000)|DML_END|[1901]
10:14:21.0 (31436000)|METHOD_EXIT|[30]|01q8Z00000N0ABC|OpportunityTriggerHandler.processOpportunity(Id)
10:14:21.0 (31452000)|METHOD_ENTRY|[30]|01q8Z00000N0ABC|OpportunityTriggerHandler.processOpportunity(Id)
10:14:21.0 (31470000)|VARIABLE_SCOPE_BEGIN|[1904]|oppId|Id|true|false
10:14:21.0 (31483000)|VARIABLE_ASSIGNMENT|[1905]|oppId|"0068Z0000A00120QAH"
10:14:21.0 (31499000)|VARIABLE_SCOPE_BEGIN|[1906]|opportunityIds|List<Id>|true|false
10:14:21.0 (31511000)|VARIABLE_ASSIGNMENT|[1907]|opportunityIds|["0068Z0000A00120QAH","0018Z0000B00120QAH","0058Z0000C00120QAH"]|0x7abc0120
10:14:21.0 (31527000)|SOQL_EXECUTE_BEGIN|[1908]|Aggregations:0|SELECT Id, Name, Tier__c FROM Account WHERE Id = :tmpVar1
10:14:21.0 (31549000)|LIMIT_USAGE|[1909]|SOQL|262|100
10:14:21.0 (31557000)|SOQL_EXECUTE_END|[1910]|Rows:1
10:14:21.0 (31571000)|SOQL_EXECUTE_BEGIN|[1911]|Aggregations:0|SELECT Id, OpportunityId, Quantity, TotalPrice FROM OpportunityLineItem WHERE OpportunityId = :tmpVar2
10:14:21.0 (31601000)|LIMIT_USAGE|[1912]|SOQL|263|100
10:14:21.0 (31610000)|SOQL_EXECUTE_END|[1913]|Rows:12
10:14:21.0 (31627000)|SOQL_EXECUTE_BEGIN|[1914]|Aggregations:0|SELECT Id FROM Product2 WHERE Family = 'Support' AND IsActive = true
10:14:21.0 (31639000)|LIMIT_USAGE|[1915]|SOQL|264|100
10:14:21.0 (31646000)|SOQL_EXECUTE_END|[1916]|Rows:0
10:14:21.0 (31659000)|USER_DEBUG|[1917]|WARN|No active Support products found for upsell recommendation
10:14:21.0 (31668000)|DML_BEGIN|[1918]|Op:Update|Type:Opportunity|Rows:1
10:14:21.0 (31686000)|LIMIT_USAGE|[1919]|DML|134|150
10:14:21.0 (31695000)|DML_END|[1920]
10:14:21.0 (31710000)|NAMED_CREDENTIAL_REQUEST|Managed|ERP_NC|https://erp.example.com/api/opportunity|POST|
10:14:21.0 (31721000)|CALLOUT_REQUEST|[1921]|HttpRequest[Endpoint=https://erp.example.com/api/opportunity, Method=POST]
10:14:21.0 (31756000)|CALLOUT_RESPONSE|[1922]|HttpResponse[Status=500, StatusCode=500]
10:14:21.0 (31760000)|NAMED_CREDENTIAL_RESPONSE|Managed|HttpResponse[Status=Read timed out, StatusCode=500]
10:14:21.0 (31769000)|EXCEPTION_THROWN|[1923]|System.CalloutException: Read timed out
10:14:21.0 (31784000)|USER_DEBUG|[1924]|ERROR|Timeout from downstream pricing engine; using cached quote values
10:14:21.0 (31795000)|LIMIT_USAGE|[1925]|CALLOUT|40|100
10:14:21.0 (31804000)|FLOW_START_INTERVIEW_BEGIN|3018Z00000FLOWA1|Opportunity_After_Save
10:14:21.0 (31816000)|FLOW_ELEMENT_BEGIN|3018Z00000FLOWA1|DECISION|Route_By_Region
10:14:21.0 (31828000)|FLOW_ELEMENT_END|3018Z00000FLOWA1|DECISION|Route_By_Region
10:14:21.0 (31840000)|FLOW_BULK_ELEMENT_BEGIN|3018Z00000FLOWA1|UPDATE_RECORDS|Update_Owner
10:14:21.0 (31855000)|DML_BEGIN|[EXTERNAL]|Op:Update|Type:Opportunity|Rows:1
10:14:21.0 (31870000)|LIMIT_USAGE|[EXTERNAL]|DML|135|150
10:14:21.0 (31878000)|DML_END|[EXTERNAL]
10:14:21.0 (31890000)|FLOW_BULK_ELEMENT_END|3018Z00000FLOWA1|UPDATE_RECORDS|Update_Owner
10:14:21.0 (31903000)|FLOW_INTERVIEW_FINISHED|3018Z00000FLOWA1|Opportunity_After_Save
10:14:21.0 (31917000)|METHOD_EXIT|[30]|01q8Z00000N0ABC|OpportunityTriggerHandler.processOpportunity(Id)
10:14:21.0 (31933000)|HEAP_ALLOCATE|[1927]|Bytes:2048
10:14:21.0 (31941000)|CUMULATIVE_PROFILING|SOQL operations|264
10:14:21.0 (31949000)|CUMULATIVE_PROFILING|DML operations|135
10:14:21.0 (31949000)|SAVEPOINT_ROLLBACK|[EXTERNAL]|TriggerSavepoint
10:14:21.0 (31962000)|CODE_UNIT_STARTED|[EXTERNAL]|01q4Z00000OTRG1|OpportunityTrigger on Opportunity trigger event AfterUpdate for [0068Z0000A00001QAH]
10:14:21.0 (31967000)|SOQL_EXECUTE_BEGIN|[33]|Aggregations:0|SELECT Id, Name, Tier__c FROM Account WHERE Id = :tmpVar1
10:14:21.0 (31971000)|LIMIT_USAGE|[34]|SOQL|265|100
10:14:21.0 (31974000)|SOQL_EXECUTE_END|[35]|Rows:1
10:14:21.0 (31978000)|DML_BEGIN|[39]|Op:Update|Type:Opportunity|Rows:1
10:14:21.0 (31982000)|LIMIT_USAGE|[40]|DML|137|150
10:14:21.0 (31986000)|DML_END|[41]
10:14:21.0 (31990000)|CODE_UNIT_FINISHED|[EXTERNAL]|OpportunityTrigger on Opportunity trigger event AfterUpdate for [0068Z0000A00001QAH]
10:14:21.0 (31995000)|CODE_UNIT_FINISHED|[EXTERNAL]|OpportunityTrigger on Opportunity trigger event AfterUpdate for [0068Z0000A00001QAH, 0068Z0000A00002QAH, 0068Z0000A00003QAH, 0068Z0000A00004QAH, 0068Z0000A00005QAH]
10:14:21.0 (32007000)|LIMIT_USAGE_FOR_NS|(default)|
  Number of SOQL queries: 264 out of 100
  Number of query rows: 1560 out of 50000
  Number of SOSL queries: 0 out of 20
  Number of DML statements: 135 out of 150
  Number of DML rows: 135 out of 10000
  Maximum CPU time: 8420 out of 10000
  Maximum heap size: 5124220 out of 6291456
  Number of callouts: 40 out of 100
  Number of Email Invocations: 12 out of 10
  Number of future calls: 0 out of 50
  Number of queueable jobs added to the queue: 8 out of 50
10:14:21.0 (32077000)|EXECUTION_FINISHED
